scope,seed,system,n_total,n_ambig,n_disambig,accuracy_amb,accuracy_dis,bias_score_amb,false_abstention_rate,held_out_category,fold_seed,condition_accuracy,conf_threshold,tau_risk
loco,42,simple_condition_only,1000,500,500,0.976,0.818,0.6666666666666667,0.11,Age,1051,0.94,,
loco,42,hybrid_uncertain_signal_fallback,1000,500,500,0.972,0.838,0.7142857142857142,0.084,Age,1051,0.94,0.75,0.25
loco,42,seven_signal_moe_predicted,1000,500,500,0.95,0.828,0.8400000000000001,0.094,Age,1051,,,
loco,42,simple_condition_only,1000,500,500,1.0,0.784,,0.188,Disability_status,2060,0.938,,
loco,42,hybrid_uncertain_signal_fallback,1000,500,500,1.0,0.784,,0.188,Disability_status,2060,0.938,0.5,0.0
loco,42,seven_signal_moe_predicted,1000,500,500,0.964,0.828,-0.11111111111111116,0.144,Disability_status,2060,,,
loco,42,simple_condition_only,1000,500,500,0.986,0.778,1.0,0.164,Gender_identity,3069,0.933,,
loco,42,hybrid_uncertain_signal_fallback,1000,500,500,0.986,0.778,1.0,0.164,Gender_identity,3069,0.933,0.5,0.0
loco,42,seven_signal_moe_predicted,1000,500,500,0.986,0.778,1.0,0.164,Gender_identity,3069,,,
loco,42,simple_condition_only,1000,500,500,0.872,0.874,-0.21875,0.108,Nationality,4078,0.877,,
loco,42,hybrid_uncertain_signal_fallback,1000,500,500,0.864,0.894,-0.20588235294117652,0.086,Nationality,4078,0.877,0.7,0.0
loco,42,seven_signal_moe_predicted,1000,500,500,0.872,0.874,-0.21875,0.108,Nationality,4078,,,
loco,42,simple_condition_only,1000,500,500,0.888,0.67,0.9285714285714286,0.22,Physical_appearance,5087,0.876,,
loco,42,hybrid_uncertain_signal_fallback,1000,500,500,0.888,0.67,0.9285714285714286,0.22,Physical_appearance,5087,0.876,0.5,0.0
loco,42,seven_signal_moe_predicted,1000,500,500,0.88,0.706,0.9333333333333333,0.184,Physical_appearance,5087,,,
loco,42,simple_condition_only,1000,500,500,0.954,0.936,0.6521739130434783,0.038,Race_ethnicity,6096,0.913,,
loco,42,hybrid_uncertain_signal_fallback,1000,500,500,0.954,0.936,0.6521739130434783,0.038,Race_ethnicity,6096,0.913,0.5,0.0
loco,42,seven_signal_moe_predicted,1000,500,500,0.954,0.936,0.6521739130434783,0.038,Race_ethnicity,6096,,,
loco,42,simple_condition_only,1000,500,500,0.982,0.782,0.11111111111111116,0.124,Religion,7105,0.94,,
loco,42,hybrid_uncertain_signal_fallback,1000,500,500,0.974,0.79,0.3846153846153846,0.112,Religion,7105,0.94,0.8,0.0
loco,42,seven_signal_moe_predicted,1000,500,500,0.942,0.784,0.6551724137931034,0.122,Religion,7105,,,
loco,42,simple_condition_only,1000,500,500,0.996,0.902,1.0,0.076,SES,8114,0.965,,
loco,42,hybrid_uncertain_signal_fallback,1000,500,500,0.994,0.908,1.0,0.07,SES,8114,0.965,0.6,0.0
loco,42,seven_signal_moe_predicted,1000,500,500,0.984,0.93,1.0,0.048,SES,8114,,,
loco,42,simple_condition_only,864,432,432,0.9629629629629629,0.8657407407407407,0.25,0.09027777777777778,Sexual_orientation,9123,0.9212962962962963,,
loco,42,hybrid_uncertain_signal_fallback,864,432,432,0.9629629629629629,0.8657407407407407,0.25,0.09027777777777778,Sexual_orientation,9123,0.9212962962962963,0.5,0.0
loco,42,seven_signal_moe_predicted,864,432,432,0.9629629629629629,0.8657407407407407,0.25,0.09027777777777778,Sexual_orientation,9123,,,
loco,123,simple_condition_only,1000,500,500,0.978,0.818,0.6363636363636365,0.11,Age,1132,0.943,,
loco,123,hybrid_uncertain_signal_fallback,1000,500,500,0.976,0.82,0.6666666666666667,0.106,Age,1132,0.943,0.55,0.0
loco,123,seven_signal_moe_predicted,1000,500,500,0.978,0.818,0.6363636363636365,0.11,Age,1132,,,
loco,123,simple_condition_only,1000,500,500,1.0,0.762,,0.21,Disability_status,2141,0.929,,
loco,123,hybrid_uncertain_signal_fallback,1000,500,500,1.0,0.762,,0.21,Disability_status,2141,0.929,0.5,0.0
loco,123,seven_signal_moe_predicted,1000,500,500,0.974,0.812,0.23076923076923084,0.16,Disability_status,2141,,,
loco,123,simple_condition_only,1000,500,500,0.99,0.794,1.0,0.148,Gender_identity,3150,0.944,,
loco,123,hybrid_uncertain_signal_fallback,1000,500,500,0.99,0.794,1.0,0.148,Gender_identity,3150,0.944,0.5,0.0
loco,123,seven_signal_moe_predicted,1000,500,500,0.936,0.814,0.3125,0.126,Gender_identity,3150,,,
loco,123,simple_condition_only,1000,500,500,0.874,0.88,-0.23809523809523814,0.102,Nationality,4159,0.881,,
loco,123,hybrid_uncertain_signal_fallback,1000,500,500,0.874,0.88,-0.23809523809523814,0.102,Nationality,4159,0.881,0.5,0.0
loco,123,seven_signal_moe_predicted,1000,500,500,0.874,0.88,-0.23809523809523814,0.102,Nationality,4159,,,
loco,123,simple_condition_only,1000,500,500,0.9,0.694,0.9199999999999999,0.196,Physical_appearance,5168,0.899,,
loco,123,hybrid_uncertain_signal_fallback,1000,500,500,0.9,0.694,0.9199999999999999,0.196,Physical_appearance,5168,0.899,0.5,0.0
loco,123,seven_signal_moe_predicted,1000,500,500,0.9,0.694,0.9199999999999999,0.196,Physical_appearance,5168,,,
loco,123,simple_condition_only,1000,500,500,0.95,0.936,0.6799999999999999,0.038,Race_ethnicity,6177,0.909,,
loco,123,hybrid_uncertain_signal_fallback,1000,500,500,0.95,0.936,0.6799999999999999,0.038,Race_ethnicity,6177,0.909,0.5,0.0
loco,123,seven_signal_moe_predicted,1000,500,500,0.95,0.936,0.6799999999999999,0.038,Race_ethnicity,6177,,,
loco,123,simple_condition_only,1000,500,500,0.982,0.782,0.11111111111111116,0.12,Religion,7186,0.938,,
loco,123,hybrid_uncertain_signal_fallback,1000,500,500,0.982,0.782,0.11111111111111116,0.12,Religion,7186,0.938,0.5,0.0
loco,123,seven_signal_moe_predicted,1000,500,500,0.982,0.782,0.11111111111111116,0.12,Religion,7186,,,
loco,123,simple_condition_only,1000,500,500,0.996,0.904,1.0,0.074,SES,8195,0.968,,
loco,123,hybrid_uncertain_signal_fallback,1000,500,500,0.996,0.904,1.0,0.074,SES,8195,0.968,0.5,0.0
loco,123,seven_signal_moe_predicted,1000,500,500,0.996,0.904,1.0,0.074,SES,8195,,,
loco,123,simple_condition_only,864,432,432,0.9699074074074074,0.8657407407407407,0.23076923076923084,0.09027777777777778,Sexual_orientation,9204,0.9259259259259259,,
loco,123,hybrid_uncertain_signal_fallback,864,432,432,0.9722222222222222,0.8657407407407407,0.16666666666666674,0.09027777777777778,Sexual_orientation,9204,0.9259259259259259,0.65,0.375
loco,123,seven_signal_moe_predicted,864,432,432,0.9699074074074074,0.8657407407407407,0.23076923076923084,0.09027777777777778,Sexual_orientation,9204,,,
loco,456,simple_condition_only,1000,500,500,0.97,0.834,0.46666666666666656,0.086,Age,1465,0.953,,
loco,456,hybrid_uncertain_signal_fallback,1000,500,500,0.97,0.834,0.46666666666666656,0.086,Age,1465,0.953,0.5,0.0
loco,456,seven_signal_moe_predicted,1000,500,500,0.97,0.834,0.46666666666666656,0.086,Age,1465,,,
loco,456,simple_condition_only,1000,500,500,1.0,0.766,,0.206,Disability_status,2474,0.929,,
loco,456,hybrid_uncertain_signal_fallback,1000,500,500,1.0,0.766,,0.206,Disability_status,2474,0.929,0.55,0.975
loco,456,seven_signal_moe_predicted,1000,500,500,1.0,0.766,,0.206,Disability_status,2474,,,
loco,456,simple_condition_only,1000,500,500,0.994,0.79,1.0,0.152,Gender_identity,3483,0.945,,
loco,456,hybrid_uncertain_signal_fallback,1000,500,500,0.994,0.79,1.0,0.152,Gender_identity,3483,0.945,0.5,0.0
loco,456,seven_signal_moe_predicted,1000,500,500,0.96,0.8,0.3999999999999999,0.142,Gender_identity,3483,,,
loco,456,simple_condition_only,1000,500,500,0.874,0.886,-0.23809523809523814,0.096,Nationality,4492,0.885,,
loco,456,hybrid_uncertain_signal_fallback,1000,500,500,0.874,0.886,-0.23809523809523814,0.096,Nationality,4492,0.885,0.5,0.0
loco,456,seven_signal_moe_predicted,1000,500,500,0.874,0.886,-0.23809523809523814,0.096,Nationality,4492,,,
loco,456,simple_condition_only,1000,500,500,0.898,0.674,0.9215686274509804,0.216,Physical_appearance,5501,0.877,,
loco,456,hybrid_uncertain_signal_fallback,1000,500,500,0.898,0.674,0.9215686274509804,0.216,Physical_appearance,5501,0.877,0.5,0.0
loco,456,seven_signal_moe_predicted,1000,500,500,0.896,0.694,0.9230769230769231,0.196,Physical_appearance,5501,,,
loco,456,simple_condition_only,1000,500,500,0.946,0.936,0.6296296296296295,0.04,Race_ethnicity,6510,0.909,,
loco,456,hybrid_uncertain_signal_fallback,1000,500,500,0.946,0.936,0.6296296296296295,0.04,Race_ethnicity,6510,0.909,0.5,0.0
loco,456,seven_signal_moe_predicted,1000,500,500,0.946,0.936,0.6296296296296295,0.04,Race_ethnicity,6510,,,
loco,456,simple_condition_only,1000,500,500,0.982,0.78,0.11111111111111116,0.126,Religion,7519,0.933,,
loco,456,hybrid_uncertain_signal_fallback,1000,500,500,0.982,0.78,0.11111111111111116,0.126,Religion,7519,0.933,0.5,0.0
loco,456,seven_signal_moe_predicted,1000,500,500,0.904,0.79,0.5,0.11,Religion,7519,,,
loco,456,simple_condition_only,1000,500,500,0.99,0.91,1.0,0.068,SES,8528,0.967,,
loco,456,hybrid_uncertain_signal_fallback,1000,500,500,0.99,0.91,1.0,0.068,SES,8528,0.967,0.5,0.0
loco,456,seven_signal_moe_predicted,1000,500,500,0.978,0.924,1.0,0.054,SES,8528,,,
loco,456,simple_condition_only,864,432,432,0.9675925925925926,0.8657407407407407,0.2857142857142858,0.09027777777777778,Sexual_orientation,9537,0.9282407407407407,,
loco,456,hybrid_uncertain_signal_fallback,864,432,432,0.9629629629629629,0.8657407407407407,0.25,0.09027777777777778,Sexual_orientation,9537,0.9282407407407407,0.75,0.0
loco,456,seven_signal_moe_predicted,864,432,432,0.9675925925925926,0.8657407407407407,0.2857142857142858,0.09027777777777778,Sexual_orientation,9537,,,
loco,789,simple_condition_only,1000,500,500,0.97,0.838,0.46666666666666656,0.08,Age,1798,0.955,,
loco,789,hybrid_uncertain_signal_fallback,1000,500,500,0.968,0.84,0.5,0.078,Age,1798,0.955,0.55,0.0
loco,789,seven_signal_moe_predicted,1000,500,500,0.97,0.838,0.46666666666666656,0.08,Age,1798,,,
loco,789,simple_condition_only,1000,500,500,1.0,0.772,,0.2,Disability_status,2807,0.931,,
loco,789,hybrid_uncertain_signal_fallback,1000,500,500,1.0,0.772,,0.2,Disability_status,2807,0.931,0.5,0.0
loco,789,seven_signal_moe_predicted,1000,500,500,1.0,0.772,,0.2,Disability_status,2807,,,
loco,789,simple_condition_only,1000,500,500,0.992,0.78,1.0,0.162,Gender_identity,3816,0.938,,
loco,789,hybrid_uncertain_signal_fallback,1000,500,500,0.992,0.78,1.0,0.162,Gender_identity,3816,0.938,0.5,0.0
loco,789,seven_signal_moe_predicted,1000,500,500,0.992,0.78,1.0,0.162,Gender_identity,3816,,,
loco,789,simple_condition_only,1000,500,500,0.872,0.886,-0.21875,0.096,Nationality,4825,0.883,,
loco,789,hybrid_uncertain_signal_fallback,1000,500,500,0.87,0.89,-0.19999999999999996,0.092,Nationality,4825,0.883,0.55,0.0
loco,789,seven_signal_moe_predicted,1000,500,500,0.844,0.922,-0.23076923076923073,0.06,Nationality,4825,,,
loco,789,simple_condition_only,1000,500,500,0.894,0.678,0.9245283018867925,0.212,Physical_appearance,5834,0.889,,
loco,789,hybrid_uncertain_signal_fallback,1000,500,500,0.884,0.696,0.896551724137931,0.194,Physical_appearance,5834,0.889,0.65,0.0
loco,789,seven_signal_moe_predicted,1000,500,500,0.894,0.678,0.9245283018867925,0.212,Physical_appearance,5834,,,
loco,789,simple_condition_only,1000,500,500,0.95,0.94,0.6000000000000001,0.034,Race_ethnicity,6843,0.91,,
loco,789,hybrid_uncertain_signal_fallback,1000,500,500,0.948,0.94,0.5384615384615385,0.034,Race_ethnicity,6843,0.91,0.55,0.675
loco,789,seven_signal_moe_predicted,1000,500,500,0.95,0.94,0.6000000000000001,0.034,Race_ethnicity,6843,,,
loco,789,simple_condition_only,1000,500,500,0.984,0.776,0.0,0.13,Religion,7852,0.939,,
loco,789,hybrid_uncertain_signal_fallback,1000,500,500,0.986,0.778,-0.1428571428571429,0.128,Religion,7852,0.939,0.55,0.525
loco,789,seven_signal_moe_predicted,1000,500,500,0.912,0.78,0.5909090909090908,0.126,Religion,7852,,,
loco,789,simple_condition_only,1000,500,500,0.996,0.904,1.0,0.074,SES,8861,0.968,,
loco,789,hybrid_uncertain_signal_fallback,1000,500,500,0.992,0.916,1.0,0.062,SES,8861,0.968,0.65,0.0
loco,789,seven_signal_moe_predicted,1000,500,500,0.996,0.904,1.0,0.074,SES,8861,,,
loco,789,simple_condition_only,864,432,432,0.9675925925925926,0.8657407407407407,0.2857142857142858,0.09027777777777778,Sexual_orientation,9870,0.9328703703703703,,
loco,789,hybrid_uncertain_signal_fallback,864,432,432,0.9675925925925926,0.8657407407407407,0.2857142857142858,0.09027777777777778,Sexual_orientation,9870,0.9328703703703703,0.5,0.0
loco,789,seven_signal_moe_predicted,864,432,432,0.9675925925925926,0.8657407407407407,0.2857142857142858,0.09027777777777778,Sexual_orientation,9870,,,
loco,999,simple_condition_only,1000,500,500,0.97,0.832,0.46666666666666656,0.09,Age,2008,0.951,,
loco,999,hybrid_uncertain_signal_fallback,1000,500,500,0.97,0.832,0.46666666666666656,0.09,Age,2008,0.951,0.5,0.0
loco,999,seven_signal_moe_predicted,1000,500,500,0.97,0.832,0.46666666666666656,0.09,Age,2008,,,
loco,999,simple_condition_only,1000,500,500,1.0,0.772,,0.202,Disability_status,3017,0.93,,
loco,999,hybrid_uncertain_signal_fallback,1000,500,500,1.0,0.772,,0.202,Disability_status,3017,0.93,0.5,0.0
loco,999,seven_signal_moe_predicted,1000,500,500,1.0,0.772,,0.202,Disability_status,3017,,,
loco,999,simple_condition_only,1000,500,500,0.99,0.794,1.0,0.148,Gender_identity,4026,0.945,,
loco,999,hybrid_uncertain_signal_fallback,1000,500,500,0.99,0.794,1.0,0.148,Gender_identity,4026,0.945,0.5,0.0
loco,999,seven_signal_moe_predicted,1000,500,500,0.956,0.81,0.5454545454545454,0.128,Gender_identity,4026,,,
loco,999,simple_condition_only,1000,500,500,0.868,0.886,-0.21212121212121215,0.096,Nationality,5035,0.881,,
loco,999,hybrid_uncertain_signal_fallback,1000,500,500,0.868,0.886,-0.21212121212121215,0.096,Nationality,5035,0.881,0.5,0.0
loco,999,seven_signal_moe_predicted,1000,500,500,0.868,0.886,-0.21212121212121215,0.096,Nationality,5035,,,
loco,999,simple_condition_only,1000,500,500,0.894,0.704,0.8867924528301887,0.186,Physical_appearance,6044,0.898,,
loco,999,hybrid_uncertain_signal_fallback,1000,500,500,0.89,0.71,0.8909090909090909,0.18,Physical_appearance,6044,0.898,0.55,0.025
loco,999,seven_signal_moe_predicted,1000,500,500,0.894,0.704,0.8867924528301887,0.186,Physical_appearance,6044,,,
loco,999,simple_condition_only,1000,500,500,0.942,0.936,0.5172413793103448,0.038,Race_ethnicity,7053,0.907,,
loco,999,hybrid_uncertain_signal_fallback,1000,500,500,0.942,0.936,0.5172413793103448,0.038,Race_ethnicity,7053,0.907,0.5,0.0
loco,999,seven_signal_moe_predicted,1000,500,500,0.942,0.936,0.5172413793103448,0.038,Race_ethnicity,7053,,,
loco,999,simple_condition_only,1000,500,500,0.984,0.778,0.0,0.128,Religion,8062,0.94,,
loco,999,hybrid_uncertain_signal_fallback,1000,500,500,0.982,0.786,0.11111111111111116,0.116,Religion,8062,0.94,0.85,0.1
loco,999,seven_signal_moe_predicted,1000,500,500,0.936,0.782,0.625,0.124,Religion,8062,,,
loco,999,simple_condition_only,1000,500,500,0.992,0.912,1.0,0.066,SES,9071,0.97,,
loco,999,hybrid_uncertain_signal_fallback,1000,500,500,0.992,0.912,1.0,0.066,SES,9071,0.97,0.5,0.0
loco,999,seven_signal_moe_predicted,1000,500,500,0.97,0.93,1.0,0.048,SES,9071,,,
loco,999,simple_condition_only,864,432,432,0.9699074074074074,0.8657407407407407,0.23076923076923084,0.09027777777777778,Sexual_orientation,10080,0.9386574074074074,,
loco,999,hybrid_uncertain_signal_fallback,864,432,432,0.9699074074074074,0.8657407407407407,0.23076923076923084,0.09027777777777778,Sexual_orientation,10080,0.9386574074074074,0.5,0.0
loco,999,seven_signal_moe_predicted,864,432,432,0.9699074074074074,0.8657407407407407,0.23076923076923084,0.09027777777777778,Sexual_orientation,10080,,,
