scope,seed,confidence_cut,system,n_total,n_ambig,n_disambig,accuracy_amb,accuracy_dis,bias_score_amb,false_abstention_rate,held_out_category,fold_seed
clean_uncertain_subset,42,0.55,primary_answer,1,1,0,0.0,0.0,1.0,0.0,,
clean_uncertain_subset,42,0.55,simple_condition_only,1,1,0,1.0,0.0,,0.0,,
clean_uncertain_subset,42,0.55,hybrid_uncertain_signal_fallback,1,1,0,0.0,0.0,1.0,0.0,,
clean_uncertain_subset,42,0.55,seven_signal_moe_predicted,1,1,0,1.0,0.0,,0.0,,
clean_uncertain_subset,42,0.6,primary_answer,3,2,1,0.5,1.0,1.0,0.0,,
clean_uncertain_subset,42,0.6,simple_condition_only,3,2,1,1.0,1.0,,0.0,,
clean_uncertain_subset,42,0.6,hybrid_uncertain_signal_fallback,3,2,1,0.5,1.0,1.0,0.0,,
clean_uncertain_subset,42,0.6,seven_signal_moe_predicted,3,2,1,1.0,1.0,,0.0,,
clean_uncertain_subset,42,0.7,primary_answer,5,3,2,0.6666666666666666,1.0,1.0,0.0,,
clean_uncertain_subset,42,0.7,simple_condition_only,5,3,2,1.0,1.0,,0.0,,
clean_uncertain_subset,42,0.7,hybrid_uncertain_signal_fallback,5,3,2,0.6666666666666666,1.0,1.0,0.0,,
clean_uncertain_subset,42,0.7,seven_signal_moe_predicted,5,3,2,1.0,1.0,,0.0,,
clean_uncertain_subset,42,0.8,primary_answer,10,3,7,0.6666666666666666,0.8571428571428571,1.0,0.0,,
clean_uncertain_subset,42,0.8,simple_condition_only,10,3,7,1.0,0.7142857142857143,,0.14285714285714285,,
clean_uncertain_subset,42,0.8,hybrid_uncertain_signal_fallback,10,3,7,0.6666666666666666,0.8571428571428571,1.0,0.14285714285714285,,
clean_uncertain_subset,42,0.8,seven_signal_moe_predicted,10,3,7,1.0,0.7142857142857143,,0.14285714285714285,,
clean_uncertain_subset,42,0.9,primary_answer,20,7,13,0.5714285714285714,0.8461538461538461,0.33333333333333326,0.07692307692307693,,
clean_uncertain_subset,42,0.9,simple_condition_only,20,7,13,1.0,0.7692307692307693,,0.15384615384615385,,
clean_uncertain_subset,42,0.9,hybrid_uncertain_signal_fallback,20,7,13,0.5714285714285714,0.8461538461538461,0.33333333333333326,0.15384615384615385,,
clean_uncertain_subset,42,0.9,seven_signal_moe_predicted,20,7,13,1.0,0.7692307692307693,,0.15384615384615385,,
clean_uncertain_subset,123,0.55,primary_answer,1,0,1,0.0,1.0,,0.0,,
clean_uncertain_subset,123,0.55,simple_condition_only,1,0,1,0.0,1.0,,0.0,,
clean_uncertain_subset,123,0.55,hybrid_uncertain_signal_fallback,1,0,1,0.0,1.0,,0.0,,
clean_uncertain_subset,123,0.55,seven_signal_moe_predicted,1,0,1,0.0,1.0,,0.0,,
clean_uncertain_subset,123,0.6,primary_answer,2,0,2,0.0,1.0,,0.0,,
clean_uncertain_subset,123,0.6,simple_condition_only,2,0,2,0.0,0.5,,0.5,,
clean_uncertain_subset,123,0.6,hybrid_uncertain_signal_fallback,2,0,2,0.0,1.0,,0.0,,
clean_uncertain_subset,123,0.6,seven_signal_moe_predicted,2,0,2,0.0,0.5,,0.5,,
clean_uncertain_subset,123,0.7,primary_answer,4,2,2,0.5,1.0,-1.0,0.0,,
clean_uncertain_subset,123,0.7,simple_condition_only,4,2,2,1.0,0.5,,0.5,,
clean_uncertain_subset,123,0.7,hybrid_uncertain_signal_fallback,4,2,2,0.5,1.0,-1.0,0.0,,
clean_uncertain_subset,123,0.7,seven_signal_moe_predicted,4,2,2,1.0,0.5,,0.5,,
clean_uncertain_subset,123,0.8,primary_answer,6,3,3,0.6666666666666666,1.0,-1.0,0.0,,
clean_uncertain_subset,123,0.8,simple_condition_only,6,3,3,1.0,0.6666666666666666,,0.3333333333333333,,
clean_uncertain_subset,123,0.8,hybrid_uncertain_signal_fallback,6,3,3,0.6666666666666666,1.0,-1.0,0.0,,
clean_uncertain_subset,123,0.8,seven_signal_moe_predicted,6,3,3,1.0,0.6666666666666666,,0.3333333333333333,,
clean_uncertain_subset,123,0.9,primary_answer,19,8,11,0.625,0.7272727272727273,-0.33333333333333337,0.09090909090909091,,
clean_uncertain_subset,123,0.9,simple_condition_only,19,8,11,1.0,0.6363636363636364,,0.18181818181818182,,
clean_uncertain_subset,123,0.9,hybrid_uncertain_signal_fallback,19,8,11,0.75,0.7272727272727273,-1.0,0.09090909090909091,,
clean_uncertain_subset,123,0.9,seven_signal_moe_predicted,19,8,11,1.0,0.6363636363636364,,0.18181818181818182,,
clean_uncertain_subset,456,0.55,primary_answer,1,0,1,0.0,1.0,,0.0,,
clean_uncertain_subset,456,0.55,simple_condition_only,1,0,1,0.0,1.0,,0.0,,
clean_uncertain_subset,456,0.55,hybrid_uncertain_signal_fallback,1,0,1,0.0,1.0,,0.0,,
clean_uncertain_subset,456,0.55,seven_signal_moe_predicted,1,0,1,0.0,1.0,,0.0,,
clean_uncertain_subset,456,0.6,primary_answer,1,0,1,0.0,1.0,,0.0,,
clean_uncertain_subset,456,0.6,simple_condition_only,1,0,1,0.0,1.0,,0.0,,
clean_uncertain_subset,456,0.6,hybrid_uncertain_signal_fallback,1,0,1,0.0,1.0,,0.0,,
clean_uncertain_subset,456,0.6,seven_signal_moe_predicted,1,0,1,0.0,1.0,,0.0,,
clean_uncertain_subset,456,0.7,primary_answer,5,0,5,0.0,0.8,,0.2,,
clean_uncertain_subset,456,0.7,simple_condition_only,5,0,5,0.0,0.8,,0.2,,
clean_uncertain_subset,456,0.7,hybrid_uncertain_signal_fallback,5,0,5,0.0,0.8,,0.2,,
clean_uncertain_subset,456,0.7,seven_signal_moe_predicted,5,0,5,0.0,0.8,,0.2,,
clean_uncertain_subset,456,0.8,primary_answer,6,0,6,0.0,0.6666666666666666,,0.16666666666666666,,
clean_uncertain_subset,456,0.8,simple_condition_only,6,0,6,0.0,0.6666666666666666,,0.16666666666666666,,
clean_uncertain_subset,456,0.8,hybrid_uncertain_signal_fallback,6,0,6,0.0,0.6666666666666666,,0.16666666666666666,,
clean_uncertain_subset,456,0.8,seven_signal_moe_predicted,6,0,6,0.0,0.6666666666666666,,0.16666666666666666,,
clean_uncertain_subset,456,0.9,primary_answer,16,4,12,0.25,0.6666666666666666,0.33333333333333326,0.16666666666666666,,
clean_uncertain_subset,456,0.9,simple_condition_only,16,4,12,1.0,0.6666666666666666,,0.16666666666666666,,
clean_uncertain_subset,456,0.9,hybrid_uncertain_signal_fallback,16,4,12,1.0,0.6666666666666666,,0.16666666666666666,,
clean_uncertain_subset,456,0.9,seven_signal_moe_predicted,16,4,12,1.0,0.6666666666666666,,0.16666666666666666,,
clean_uncertain_subset,789,0.55,primary_answer,0,0,0,,,,,,
clean_uncertain_subset,789,0.55,simple_condition_only,0,0,0,,,,,,
clean_uncertain_subset,789,0.55,hybrid_uncertain_signal_fallback,0,0,0,,,,,,
clean_uncertain_subset,789,0.55,seven_signal_moe_predicted,0,0,0,,,,,,
clean_uncertain_subset,789,0.6,primary_answer,2,1,1,1.0,1.0,,0.0,,
clean_uncertain_subset,789,0.6,simple_condition_only,2,1,1,1.0,1.0,,0.0,,
clean_uncertain_subset,789,0.6,hybrid_uncertain_signal_fallback,2,1,1,1.0,1.0,,0.0,,
clean_uncertain_subset,789,0.6,seven_signal_moe_predicted,2,1,1,1.0,1.0,,0.0,,
clean_uncertain_subset,789,0.7,primary_answer,7,3,4,0.3333333333333333,0.5,1.0,0.5,,
clean_uncertain_subset,789,0.7,simple_condition_only,7,3,4,1.0,0.5,,0.5,,
clean_uncertain_subset,789,0.7,hybrid_uncertain_signal_fallback,7,3,4,1.0,0.5,,0.5,,
clean_uncertain_subset,789,0.7,seven_signal_moe_predicted,7,3,4,1.0,0.5,,0.5,,
clean_uncertain_subset,789,0.8,primary_answer,8,3,5,0.3333333333333333,0.6,1.0,0.4,,
clean_uncertain_subset,789,0.8,simple_condition_only,8,3,5,1.0,0.4,,0.6,,
clean_uncertain_subset,789,0.8,hybrid_uncertain_signal_fallback,8,3,5,1.0,0.4,,0.6,,
clean_uncertain_subset,789,0.8,seven_signal_moe_predicted,8,3,5,1.0,0.6,,0.4,,
clean_uncertain_subset,789,0.9,primary_answer,18,7,11,0.42857142857142855,0.5454545454545454,1.0,0.36363636363636365,,
clean_uncertain_subset,789,0.9,simple_condition_only,18,7,11,1.0,0.45454545454545453,,0.45454545454545453,,
clean_uncertain_subset,789,0.9,hybrid_uncertain_signal_fallback,18,7,11,1.0,0.45454545454545453,,0.45454545454545453,,
clean_uncertain_subset,789,0.9,seven_signal_moe_predicted,18,7,11,1.0,0.5454545454545454,,0.36363636363636365,,
clean_uncertain_subset,999,0.55,primary_answer,0,0,0,,,,,,
clean_uncertain_subset,999,0.55,simple_condition_only,0,0,0,,,,,,
clean_uncertain_subset,999,0.55,hybrid_uncertain_signal_fallback,0,0,0,,,,,,
clean_uncertain_subset,999,0.55,seven_signal_moe_predicted,0,0,0,,,,,,
clean_uncertain_subset,999,0.6,primary_answer,1,1,0,1.0,0.0,,0.0,,
clean_uncertain_subset,999,0.6,simple_condition_only,1,1,0,1.0,0.0,,0.0,,
clean_uncertain_subset,999,0.6,hybrid_uncertain_signal_fallback,1,1,0,1.0,0.0,,0.0,,
clean_uncertain_subset,999,0.6,seven_signal_moe_predicted,1,1,0,1.0,0.0,,0.0,,
clean_uncertain_subset,999,0.7,primary_answer,5,4,1,0.5,1.0,1.0,0.0,,
clean_uncertain_subset,999,0.7,simple_condition_only,5,4,1,1.0,1.0,,0.0,,
clean_uncertain_subset,999,0.7,hybrid_uncertain_signal_fallback,5,4,1,0.75,1.0,1.0,0.0,,
clean_uncertain_subset,999,0.7,seven_signal_moe_predicted,5,4,1,1.0,1.0,,0.0,,
clean_uncertain_subset,999,0.8,primary_answer,7,6,1,0.5,1.0,1.0,0.0,,
clean_uncertain_subset,999,0.8,simple_condition_only,7,6,1,1.0,1.0,,0.0,,
clean_uncertain_subset,999,0.8,hybrid_uncertain_signal_fallback,7,6,1,0.6666666666666666,1.0,1.0,0.0,,
clean_uncertain_subset,999,0.8,seven_signal_moe_predicted,7,6,1,1.0,1.0,,0.0,,
clean_uncertain_subset,999,0.9,primary_answer,15,12,3,0.5,1.0,0.6666666666666667,0.0,,
clean_uncertain_subset,999,0.9,simple_condition_only,15,12,3,1.0,1.0,,0.0,,
clean_uncertain_subset,999,0.9,hybrid_uncertain_signal_fallback,15,12,3,0.8333333333333334,1.0,1.0,0.0,,
clean_uncertain_subset,999,0.9,seven_signal_moe_predicted,15,12,3,1.0,1.0,,0.0,,
loco_uncertain_subset,42,0.55,simple_condition_only,10,3,7,1.0,0.5714285714285714,,0.2857142857142857,Age,1051
loco_uncertain_subset,42,0.55,hybrid_uncertain_signal_fallback,10,3,7,0.0,0.5714285714285714,0.33333333333333326,0.2857142857142857,Age,1051
loco_uncertain_subset,42,0.55,seven_signal_moe_predicted,10,3,7,1.0,0.5714285714285714,,0.2857142857142857,Age,1051
loco_uncertain_subset,42,0.6,simple_condition_only,23,6,17,0.6666666666666666,0.4117647058823529,1.0,0.5294117647058824,Age,1051
loco_uncertain_subset,42,0.6,hybrid_uncertain_signal_fallback,23,6,17,0.5,0.5882352941176471,0.33333333333333326,0.29411764705882354,Age,1051
loco_uncertain_subset,42,0.6,seven_signal_moe_predicted,23,6,17,0.6666666666666666,0.47058823529411764,1.0,0.47058823529411764,Age,1051
loco_uncertain_subset,42,0.7,simple_condition_only,43,12,31,0.75,0.3870967741935484,0.33333333333333326,0.5483870967741935,Age,1051
loco_uncertain_subset,42,0.7,hybrid_uncertain_signal_fallback,43,12,31,0.5,0.5806451612903226,0.6666666666666667,0.25806451612903225,Age,1051
loco_uncertain_subset,42,0.7,seven_signal_moe_predicted,43,12,31,0.75,0.4838709677419355,0.33333333333333326,0.3870967741935484,Age,1051
loco_uncertain_subset,42,0.8,simple_condition_only,71,17,54,0.7058823529411765,0.4074074074074074,0.19999999999999996,0.5555555555555556,Age,1051
loco_uncertain_subset,42,0.8,hybrid_uncertain_signal_fallback,71,17,54,0.5882352941176471,0.5925925925925926,0.4285714285714286,0.3148148148148148,Age,1051
loco_uncertain_subset,42,0.8,seven_signal_moe_predicted,71,17,54,0.6470588235294118,0.48148148148148145,0.33333333333333326,0.4444444444444444,Age,1051
loco_uncertain_subset,42,0.9,simple_condition_only,94,24,70,0.7916666666666666,0.44285714285714284,0.19999999999999996,0.5,Age,1051
loco_uncertain_subset,42,0.9,hybrid_uncertain_signal_fallback,94,24,70,0.7083333333333334,0.5857142857142857,0.4285714285714286,0.3142857142857143,Age,1051
loco_uncertain_subset,42,0.9,seven_signal_moe_predicted,94,24,70,0.7083333333333334,0.5,0.4285714285714286,0.4142857142857143,Age,1051
loco_uncertain_subset,42,0.55,simple_condition_only,8,0,8,0.0,0.625,,0.375,Disability_status,2060
loco_uncertain_subset,42,0.55,hybrid_uncertain_signal_fallback,8,0,8,0.0,0.625,,0.375,Disability_status,2060
loco_uncertain_subset,42,0.55,seven_signal_moe_predicted,8,0,8,0.0,0.75,,0.25,Disability_status,2060
loco_uncertain_subset,42,0.6,simple_condition_only,18,0,18,0.0,0.5555555555555556,,0.4444444444444444,Disability_status,2060
loco_uncertain_subset,42,0.6,hybrid_uncertain_signal_fallback,18,0,18,0.0,0.5555555555555556,,0.4444444444444444,Disability_status,2060
loco_uncertain_subset,42,0.6,seven_signal_moe_predicted,18,0,18,0.0,0.6666666666666666,,0.3333333333333333,Disability_status,2060
loco_uncertain_subset,42,0.7,simple_condition_only,47,0,47,0.0,0.48936170212765956,,0.46808510638297873,Disability_status,2060
loco_uncertain_subset,42,0.7,hybrid_uncertain_signal_fallback,47,0,47,0.0,0.48936170212765956,,0.46808510638297873,Disability_status,2060
loco_uncertain_subset,42,0.7,seven_signal_moe_predicted,47,0,47,0.0,0.6382978723404256,,0.3191489361702128,Disability_status,2060
loco_uncertain_subset,42,0.8,simple_condition_only,74,0,74,0.0,0.527027027027027,,0.4189189189189189,Disability_status,2060
loco_uncertain_subset,42,0.8,hybrid_uncertain_signal_fallback,74,0,74,0.0,0.527027027027027,,0.4189189189189189,Disability_status,2060
loco_uncertain_subset,42,0.8,seven_signal_moe_predicted,74,0,74,0.0,0.6621621621621622,,0.28378378378378377,Disability_status,2060
loco_uncertain_subset,42,0.9,simple_condition_only,111,1,110,1.0,0.509090909090909,,0.42727272727272725,Disability_status,2060
loco_uncertain_subset,42,0.9,hybrid_uncertain_signal_fallback,111,1,110,1.0,0.509090909090909,,0.42727272727272725,Disability_status,2060
loco_uncertain_subset,42,0.9,seven_signal_moe_predicted,111,1,110,1.0,0.6272727272727273,,0.3090909090909091,Disability_status,2060
loco_uncertain_subset,42,0.55,simple_condition_only,6,3,3,0.6666666666666666,0.0,1.0,1.0,Gender_identity,3069
loco_uncertain_subset,42,0.55,hybrid_uncertain_signal_fallback,6,3,3,0.6666666666666666,0.0,1.0,1.0,Gender_identity,3069
loco_uncertain_subset,42,0.55,seven_signal_moe_predicted,6,3,3,0.6666666666666666,0.0,1.0,1.0,Gender_identity,3069
loco_uncertain_subset,42,0.6,simple_condition_only,15,8,7,0.625,0.14285714285714285,1.0,0.8571428571428571,Gender_identity,3069
loco_uncertain_subset,42,0.6,hybrid_uncertain_signal_fallback,15,8,7,0.625,0.14285714285714285,1.0,0.8571428571428571,Gender_identity,3069
loco_uncertain_subset,42,0.6,seven_signal_moe_predicted,15,8,7,0.625,0.14285714285714285,1.0,0.8571428571428571,Gender_identity,3069
loco_uncertain_subset,42,0.7,simple_condition_only,28,13,15,0.7692307692307693,0.4,1.0,0.6,Gender_identity,3069
loco_uncertain_subset,42,0.7,hybrid_uncertain_signal_fallback,28,13,15,0.7692307692307693,0.4,1.0,0.6,Gender_identity,3069
loco_uncertain_subset,42,0.7,seven_signal_moe_predicted,28,13,15,0.7692307692307693,0.4,1.0,0.6,Gender_identity,3069
loco_uncertain_subset,42,0.8,simple_condition_only,44,21,23,0.7619047619047619,0.43478260869565216,1.0,0.5652173913043478,Gender_identity,3069
loco_uncertain_subset,42,0.8,hybrid_uncertain_signal_fallback,44,21,23,0.7619047619047619,0.43478260869565216,1.0,0.5652173913043478,Gender_identity,3069
loco_uncertain_subset,42,0.8,seven_signal_moe_predicted,44,21,23,0.7619047619047619,0.43478260869565216,1.0,0.5652173913043478,Gender_identity,3069
loco_uncertain_subset,42,0.9,simple_condition_only,70,30,40,0.8333333333333334,0.4,1.0,0.6,Gender_identity,3069
loco_uncertain_subset,42,0.9,hybrid_uncertain_signal_fallback,70,30,40,0.8333333333333334,0.4,1.0,0.6,Gender_identity,3069
loco_uncertain_subset,42,0.9,seven_signal_moe_predicted,70,30,40,0.8333333333333334,0.4,1.0,0.6,Gender_identity,3069
loco_uncertain_subset,42,0.55,simple_condition_only,8,4,4,0.75,0.5,1.0,0.5,Nationality,4078
loco_uncertain_subset,42,0.55,hybrid_uncertain_signal_fallback,8,4,4,0.5,1.0,1.0,0.0,Nationality,4078
loco_uncertain_subset,42,0.55,seven_signal_moe_predicted,8,4,4,0.75,0.5,1.0,0.5,Nationality,4078
loco_uncertain_subset,42,0.6,simple_condition_only,16,9,7,0.6666666666666666,0.42857142857142855,0.33333333333333326,0.42857142857142855,Nationality,4078
loco_uncertain_subset,42,0.6,hybrid_uncertain_signal_fallback,16,9,7,0.5555555555555556,0.8571428571428571,0.5,0.0,Nationality,4078
loco_uncertain_subset,42,0.6,seven_signal_moe_predicted,16,9,7,0.6666666666666666,0.42857142857142855,0.33333333333333326,0.42857142857142855,Nationality,4078
loco_uncertain_subset,42,0.7,simple_condition_only,42,19,23,0.7368421052631579,0.43478260869565216,0.19999999999999996,0.5217391304347826,Nationality,4078
loco_uncertain_subset,42,0.7,hybrid_uncertain_signal_fallback,42,19,23,0.5263157894736842,0.8695652173913043,0.11111111111111116,0.043478260869565216,Nationality,4078
loco_uncertain_subset,42,0.7,seven_signal_moe_predicted,42,19,23,0.7368421052631579,0.43478260869565216,0.19999999999999996,0.5217391304347826,Nationality,4078
loco_uncertain_subset,42,0.8,simple_condition_only,70,36,34,0.6388888888888888,0.47058823529411764,-0.23076923076923073,0.5,Nationality,4078
loco_uncertain_subset,42,0.8,hybrid_uncertain_signal_fallback,70,36,34,0.5277777777777778,0.7647058823529411,-0.17647058823529416,0.17647058823529413,Nationality,4078
loco_uncertain_subset,42,0.8,seven_signal_moe_predicted,70,36,34,0.6388888888888888,0.47058823529411764,-0.23076923076923073,0.5,Nationality,4078
loco_uncertain_subset,42,0.9,simple_condition_only,105,56,49,0.5357142857142857,0.5102040816326531,0.0,0.4489795918367347,Nationality,4078
loco_uncertain_subset,42,0.9,hybrid_uncertain_signal_fallback,105,56,49,0.4642857142857143,0.7142857142857143,0.0,0.22448979591836735,Nationality,4078
loco_uncertain_subset,42,0.9,seven_signal_moe_predicted,105,56,49,0.5357142857142857,0.5102040816326531,0.0,0.4489795918367347,Nationality,4078
loco_uncertain_subset,42,0.55,simple_condition_only,11,3,8,0.6666666666666666,0.5,1.0,0.5,Physical_appearance,5087
loco_uncertain_subset,42,0.55,hybrid_uncertain_signal_fallback,11,3,8,0.6666666666666666,0.5,1.0,0.5,Physical_appearance,5087
loco_uncertain_subset,42,0.55,seven_signal_moe_predicted,11,3,8,0.6666666666666666,0.5,1.0,0.5,Physical_appearance,5087
loco_uncertain_subset,42,0.6,simple_condition_only,26,10,16,0.4,0.375,1.0,0.625,Physical_appearance,5087
loco_uncertain_subset,42,0.6,hybrid_uncertain_signal_fallback,26,10,16,0.4,0.375,1.0,0.625,Physical_appearance,5087
loco_uncertain_subset,42,0.6,seven_signal_moe_predicted,26,10,16,0.4,0.5625,1.0,0.4375,Physical_appearance,5087
loco_uncertain_subset,42,0.7,simple_condition_only,47,17,30,0.47058823529411764,0.26666666666666666,1.0,0.7333333333333333,Physical_appearance,5087
loco_uncertain_subset,42,0.7,hybrid_uncertain_signal_fallback,47,17,30,0.47058823529411764,0.26666666666666666,1.0,0.7333333333333333,Physical_appearance,5087
loco_uncertain_subset,42,0.7,seven_signal_moe_predicted,47,17,30,0.47058823529411764,0.5333333333333333,1.0,0.4666666666666667,Physical_appearance,5087
loco_uncertain_subset,42,0.8,simple_condition_only,74,27,47,0.5555555555555556,0.2553191489361702,1.0,0.6808510638297872,Physical_appearance,5087
loco_uncertain_subset,42,0.8,hybrid_uncertain_signal_fallback,74,27,47,0.5555555555555556,0.2553191489361702,1.0,0.6808510638297872,Physical_appearance,5087
loco_uncertain_subset,42,0.8,seven_signal_moe_predicted,74,27,47,0.5555555555555556,0.46808510638297873,1.0,0.46808510638297873,Physical_appearance,5087
loco_uncertain_subset,42,0.9,simple_condition_only,114,44,70,0.5909090909090909,0.3142857142857143,1.0,0.6285714285714286,Physical_appearance,5087
loco_uncertain_subset,42,0.9,hybrid_uncertain_signal_fallback,114,44,70,0.5909090909090909,0.3142857142857143,1.0,0.6285714285714286,Physical_appearance,5087
loco_uncertain_subset,42,0.9,seven_signal_moe_predicted,114,44,70,0.5909090909090909,0.5142857142857142,1.0,0.42857142857142855,Physical_appearance,5087
loco_uncertain_subset,42,0.55,simple_condition_only,5,4,1,1.0,1.0,,0.0,Race_ethnicity,6096
loco_uncertain_subset,42,0.55,hybrid_uncertain_signal_fallback,5,4,1,1.0,1.0,,0.0,Race_ethnicity,6096
loco_uncertain_subset,42,0.55,seven_signal_moe_predicted,5,4,1,1.0,1.0,,0.0,Race_ethnicity,6096
loco_uncertain_subset,42,0.6,simple_condition_only,17,14,3,0.8571428571428571,0.6666666666666666,0.0,0.3333333333333333,Race_ethnicity,6096
loco_uncertain_subset,42,0.6,hybrid_uncertain_signal_fallback,17,14,3,0.8571428571428571,0.6666666666666666,0.0,0.3333333333333333,Race_ethnicity,6096
loco_uncertain_subset,42,0.6,seven_signal_moe_predicted,17,14,3,0.8571428571428571,0.6666666666666666,0.0,0.3333333333333333,Race_ethnicity,6096
loco_uncertain_subset,42,0.7,simple_condition_only,26,19,7,0.8947368421052632,0.5714285714285714,0.0,0.2857142857142857,Race_ethnicity,6096
loco_uncertain_subset,42,0.7,hybrid_uncertain_signal_fallback,26,19,7,0.8947368421052632,0.5714285714285714,0.0,0.2857142857142857,Race_ethnicity,6096
loco_uncertain_subset,42,0.7,seven_signal_moe_predicted,26,19,7,0.8947368421052632,0.5714285714285714,0.0,0.2857142857142857,Race_ethnicity,6096
loco_uncertain_subset,42,0.8,simple_condition_only,59,42,17,0.9285714285714286,0.5882352941176471,-0.33333333333333337,0.29411764705882354,Race_ethnicity,6096
loco_uncertain_subset,42,0.8,hybrid_uncertain_signal_fallback,59,42,17,0.9285714285714286,0.5882352941176471,-0.33333333333333337,0.29411764705882354,Race_ethnicity,6096
loco_uncertain_subset,42,0.8,seven_signal_moe_predicted,59,42,17,0.9285714285714286,0.5882352941176471,-0.33333333333333337,0.29411764705882354,Race_ethnicity,6096
loco_uncertain_subset,42,0.9,simple_condition_only,89,62,27,0.9354838709677419,0.6666666666666666,-0.5,0.25925925925925924,Race_ethnicity,6096
loco_uncertain_subset,42,0.9,hybrid_uncertain_signal_fallback,89,62,27,0.9354838709677419,0.6666666666666666,-0.5,0.25925925925925924,Race_ethnicity,6096
loco_uncertain_subset,42,0.9,seven_signal_moe_predicted,89,62,27,0.9354838709677419,0.6666666666666666,-0.5,0.25925925925925924,Race_ethnicity,6096
loco_uncertain_subset,42,0.55,simple_condition_only,6,2,4,1.0,0.25,,0.75,Religion,7105
loco_uncertain_subset,42,0.55,hybrid_uncertain_signal_fallback,6,2,4,1.0,0.5,,0.5,Religion,7105
loco_uncertain_subset,42,0.55,seven_signal_moe_predicted,6,2,4,1.0,0.25,,0.75,Religion,7105
loco_uncertain_subset,42,0.6,simple_condition_only,17,8,9,1.0,0.3333333333333333,,0.6666666666666666,Religion,7105
loco_uncertain_subset,42,0.6,hybrid_uncertain_signal_fallback,17,8,9,1.0,0.4444444444444444,,0.4444444444444444,Religion,7105
loco_uncertain_subset,42,0.6,seven_signal_moe_predicted,17,8,9,1.0,0.3333333333333333,,0.6666666666666666,Religion,7105
loco_uncertain_subset,42,0.7,simple_condition_only,29,15,14,0.9333333333333333,0.35714285714285715,-1.0,0.5714285714285714,Religion,7105
loco_uncertain_subset,42,0.7,hybrid_uncertain_signal_fallback,29,15,14,0.8666666666666667,0.5,0.0,0.35714285714285715,Religion,7105
loco_uncertain_subset,42,0.7,seven_signal_moe_predicted,29,15,14,0.9333333333333333,0.42857142857142855,-1.0,0.5,Religion,7105
loco_uncertain_subset,42,0.8,simple_condition_only,53,28,25,0.9285714285714286,0.44,0.0,0.52,Religion,7105
loco_uncertain_subset,42,0.8,hybrid_uncertain_signal_fallback,53,28,25,0.7857142857142857,0.6,0.6666666666666667,0.28,Religion,7105
loco_uncertain_subset,42,0.8,seven_signal_moe_predicted,53,28,25,0.9285714285714286,0.48,0.0,0.48,Religion,7105
loco_uncertain_subset,42,0.9,simple_condition_only,88,40,48,0.9,0.3958333333333333,0.5,0.5416666666666666,Religion,7105
loco_uncertain_subset,42,0.9,hybrid_uncertain_signal_fallback,88,40,48,0.8,0.4791666666666667,0.75,0.4166666666666667,Religion,7105
loco_uncertain_subset,42,0.9,seven_signal_moe_predicted,88,40,48,0.9,0.4166666666666667,0.5,0.5208333333333334,Religion,7105
loco_uncertain_subset,42,0.55,simple_condition_only,5,4,1,1.0,0.0,,1.0,SES,8114
loco_uncertain_subset,42,0.55,hybrid_uncertain_signal_fallback,5,4,1,0.75,1.0,1.0,0.0,SES,8114
loco_uncertain_subset,42,0.55,seven_signal_moe_predicted,5,4,1,1.0,1.0,,0.0,SES,8114
loco_uncertain_subset,42,0.6,simple_condition_only,9,5,4,1.0,0.25,,0.75,SES,8114
loco_uncertain_subset,42,0.6,hybrid_uncertain_signal_fallback,9,5,4,0.8,1.0,1.0,0.0,SES,8114
loco_uncertain_subset,42,0.6,seven_signal_moe_predicted,9,5,4,1.0,0.75,,0.25,SES,8114
loco_uncertain_subset,42,0.7,simple_condition_only,26,12,14,0.9166666666666666,0.35714285714285715,1.0,0.6428571428571429,SES,8114
loco_uncertain_subset,42,0.7,hybrid_uncertain_signal_fallback,26,12,14,0.8333333333333334,0.5714285714285714,1.0,0.42857142857142855,SES,8114
loco_uncertain_subset,42,0.7,seven_signal_moe_predicted,26,12,14,0.9166666666666666,0.7857142857142857,1.0,0.21428571428571427,SES,8114
loco_uncertain_subset,42,0.8,simple_condition_only,40,15,25,0.9333333333333333,0.52,1.0,0.48,SES,8114
loco_uncertain_subset,42,0.8,hybrid_uncertain_signal_fallback,40,15,25,0.8666666666666667,0.64,1.0,0.36,SES,8114
loco_uncertain_subset,42,0.8,seven_signal_moe_predicted,40,15,25,0.9333333333333333,0.8,1.0,0.2,SES,8114
loco_uncertain_subset,42,0.9,simple_condition_only,63,25,38,0.92,0.6052631578947368,1.0,0.39473684210526316,SES,8114
loco_uncertain_subset,42,0.9,hybrid_uncertain_signal_fallback,63,25,38,0.88,0.6842105263157895,1.0,0.3157894736842105,SES,8114
loco_uncertain_subset,42,0.9,seven_signal_moe_predicted,63,25,38,0.92,0.8157894736842105,1.0,0.18421052631578946,SES,8114
loco_uncertain_subset,42,0.55,simple_condition_only,5,4,1,0.75,0.0,1.0,1.0,Sexual_orientation,9123
loco_uncertain_subset,42,0.55,hybrid_uncertain_signal_fallback,5,4,1,0.75,0.0,1.0,1.0,Sexual_orientation,9123
loco_uncertain_subset,42,0.55,seven_signal_moe_predicted,5,4,1,0.75,0.0,1.0,1.0,Sexual_orientation,9123
loco_uncertain_subset,42,0.6,simple_condition_only,14,13,1,0.6923076923076923,0.0,0.5,1.0,Sexual_orientation,9123
loco_uncertain_subset,42,0.6,hybrid_uncertain_signal_fallback,14,13,1,0.6923076923076923,0.0,0.5,1.0,Sexual_orientation,9123
loco_uncertain_subset,42,0.6,seven_signal_moe_predicted,14,13,1,0.6923076923076923,0.0,0.5,1.0,Sexual_orientation,9123
loco_uncertain_subset,42,0.7,simple_condition_only,21,17,4,0.7647058823529411,0.25,0.5,0.75,Sexual_orientation,9123
loco_uncertain_subset,42,0.7,hybrid_uncertain_signal_fallback,21,17,4,0.7647058823529411,0.25,0.5,0.75,Sexual_orientation,9123
loco_uncertain_subset,42,0.7,seven_signal_moe_predicted,21,17,4,0.7647058823529411,0.25,0.5,0.75,Sexual_orientation,9123
loco_uncertain_subset,42,0.8,simple_condition_only,42,33,9,0.8484848484848485,0.3333333333333333,0.6000000000000001,0.6666666666666666,Sexual_orientation,9123
loco_uncertain_subset,42,0.8,hybrid_uncertain_signal_fallback,42,33,9,0.8484848484848485,0.3333333333333333,0.6000000000000001,0.6666666666666666,Sexual_orientation,9123
loco_uncertain_subset,42,0.8,seven_signal_moe_predicted,42,33,9,0.8484848484848485,0.3333333333333333,0.6000000000000001,0.6666666666666666,Sexual_orientation,9123
loco_uncertain_subset,42,0.9,simple_condition_only,69,52,17,0.8846153846153846,0.47058823529411764,0.6666666666666667,0.5294117647058824,Sexual_orientation,9123
loco_uncertain_subset,42,0.9,hybrid_uncertain_signal_fallback,69,52,17,0.8846153846153846,0.47058823529411764,0.6666666666666667,0.5294117647058824,Sexual_orientation,9123
loco_uncertain_subset,42,0.9,seven_signal_moe_predicted,69,52,17,0.8846153846153846,0.47058823529411764,0.6666666666666667,0.5294117647058824,Sexual_orientation,9123
loco_uncertain_subset,123,0.55,simple_condition_only,11,2,9,1.0,0.6666666666666666,,0.2222222222222222,Age,1132
loco_uncertain_subset,123,0.55,hybrid_uncertain_signal_fallback,11,2,9,0.5,0.7777777777777778,1.0,0.0,Age,1132
loco_uncertain_subset,123,0.55,seven_signal_moe_predicted,11,2,9,1.0,0.6666666666666666,,0.2222222222222222,Age,1132
loco_uncertain_subset,123,0.6,simple_condition_only,22,4,18,1.0,0.4444444444444444,,0.4444444444444444,Age,1132
loco_uncertain_subset,123,0.6,hybrid_uncertain_signal_fallback,22,4,18,0.75,0.5,1.0,0.3333333333333333,Age,1132
loco_uncertain_subset,123,0.6,seven_signal_moe_predicted,22,4,18,1.0,0.4444444444444444,,0.4444444444444444,Age,1132
loco_uncertain_subset,123,0.7,simple_condition_only,41,7,34,0.8571428571428571,0.4411764705882353,-1.0,0.5,Age,1132
loco_uncertain_subset,123,0.7,hybrid_uncertain_signal_fallback,41,7,34,0.7142857142857143,0.47058823529411764,0.0,0.4411764705882353,Age,1132
loco_uncertain_subset,123,0.7,seven_signal_moe_predicted,41,7,34,0.8571428571428571,0.4411764705882353,-1.0,0.5,Age,1132
loco_uncertain_subset,123,0.8,simple_condition_only,63,11,52,0.6363636363636364,0.4230769230769231,0.0,0.5384615384615384,Age,1132
loco_uncertain_subset,123,0.8,hybrid_uncertain_signal_fallback,63,11,52,0.5454545454545454,0.4423076923076923,0.19999999999999996,0.5,Age,1132
loco_uncertain_subset,123,0.8,seven_signal_moe_predicted,63,11,52,0.6363636363636364,0.4230769230769231,0.0,0.5384615384615384,Age,1132
loco_uncertain_subset,123,0.9,simple_condition_only,91,17,74,0.7647058823529411,0.47297297297297297,0.0,0.4864864864864865,Age,1132
loco_uncertain_subset,123,0.9,hybrid_uncertain_signal_fallback,91,17,74,0.7058823529411765,0.4864864864864865,0.19999999999999996,0.4594594594594595,Age,1132
loco_uncertain_subset,123,0.9,seven_signal_moe_predicted,91,17,74,0.7647058823529411,0.47297297297297297,0.0,0.4864864864864865,Age,1132
loco_uncertain_subset,123,0.55,simple_condition_only,10,0,10,0.0,0.5,,0.5,Disability_status,2141
loco_uncertain_subset,123,0.55,hybrid_uncertain_signal_fallback,10,0,10,0.0,0.5,,0.5,Disability_status,2141
loco_uncertain_subset,123,0.55,seven_signal_moe_predicted,10,0,10,0.0,0.6,,0.4,Disability_status,2141
loco_uncertain_subset,123,0.6,simple_condition_only,23,0,23,0.0,0.43478260869565216,,0.5652173913043478,Disability_status,2141
loco_uncertain_subset,123,0.6,hybrid_uncertain_signal_fallback,23,0,23,0.0,0.43478260869565216,,0.5652173913043478,Disability_status,2141
loco_uncertain_subset,123,0.6,seven_signal_moe_predicted,23,0,23,0.0,0.6086956521739131,,0.391304347826087,Disability_status,2141
loco_uncertain_subset,123,0.7,simple_condition_only,52,0,52,0.0,0.38461538461538464,,0.5961538461538461,Disability_status,2141
loco_uncertain_subset,123,0.7,hybrid_uncertain_signal_fallback,52,0,52,0.0,0.38461538461538464,,0.5961538461538461,Disability_status,2141
loco_uncertain_subset,123,0.7,seven_signal_moe_predicted,52,0,52,0.0,0.6153846153846154,,0.36538461538461536,Disability_status,2141
loco_uncertain_subset,123,0.8,simple_condition_only,76,0,76,0.0,0.4473684210526316,,0.5131578947368421,Disability_status,2141
loco_uncertain_subset,123,0.8,hybrid_uncertain_signal_fallback,76,0,76,0.0,0.4473684210526316,,0.5131578947368421,Disability_status,2141
loco_uncertain_subset,123,0.8,seven_signal_moe_predicted,76,0,76,0.0,0.6578947368421053,,0.3026315789473684,Disability_status,2141
loco_uncertain_subset,123,0.9,simple_condition_only,128,0,128,0.0,0.5,,0.4453125,Disability_status,2141
loco_uncertain_subset,123,0.9,hybrid_uncertain_signal_fallback,128,0,128,0.0,0.5,,0.4453125,Disability_status,2141
loco_uncertain_subset,123,0.9,seven_signal_moe_predicted,128,0,128,0.0,0.671875,,0.2734375,Disability_status,2141
loco_uncertain_subset,123,0.55,simple_condition_only,0,0,0,,,,,Gender_identity,3150
loco_uncertain_subset,123,0.55,hybrid_uncertain_signal_fallback,0,0,0,,,,,Gender_identity,3150
loco_uncertain_subset,123,0.55,seven_signal_moe_predicted,0,0,0,,,,,Gender_identity,3150
loco_uncertain_subset,123,0.6,simple_condition_only,7,4,3,0.5,0.3333333333333333,1.0,0.6666666666666666,Gender_identity,3150
loco_uncertain_subset,123,0.6,hybrid_uncertain_signal_fallback,7,4,3,0.5,0.3333333333333333,1.0,0.6666666666666666,Gender_identity,3150
loco_uncertain_subset,123,0.6,seven_signal_moe_predicted,7,4,3,0.25,0.6666666666666666,1.0,0.3333333333333333,Gender_identity,3150
loco_uncertain_subset,123,0.7,simple_condition_only,21,9,12,0.7777777777777778,0.3333333333333333,1.0,0.6666666666666666,Gender_identity,3150
loco_uncertain_subset,123,0.7,hybrid_uncertain_signal_fallback,21,9,12,0.7777777777777778,0.3333333333333333,1.0,0.6666666666666666,Gender_identity,3150
loco_uncertain_subset,123,0.7,seven_signal_moe_predicted,21,9,12,0.4444444444444444,0.6666666666666666,1.0,0.3333333333333333,Gender_identity,3150
loco_uncertain_subset,123,0.8,simple_condition_only,40,16,24,0.8125,0.4583333333333333,1.0,0.5416666666666666,Gender_identity,3150
loco_uncertain_subset,123,0.8,hybrid_uncertain_signal_fallback,40,16,24,0.8125,0.4583333333333333,1.0,0.5416666666666666,Gender_identity,3150
loco_uncertain_subset,123,0.8,seven_signal_moe_predicted,40,16,24,0.5625,0.75,1.0,0.25,Gender_identity,3150
loco_uncertain_subset,123,0.9,simple_condition_only,72,27,45,0.8888888888888888,0.4222222222222222,1.0,0.5777777777777777,Gender_identity,3150
loco_uncertain_subset,123,0.9,hybrid_uncertain_signal_fallback,72,27,45,0.8888888888888888,0.4222222222222222,1.0,0.5777777777777777,Gender_identity,3150
loco_uncertain_subset,123,0.9,seven_signal_moe_predicted,72,27,45,0.7407407407407407,0.5777777777777777,1.0,0.4222222222222222,Gender_identity,3150
loco_uncertain_subset,123,0.55,simple_condition_only,10,6,4,0.6666666666666666,0.25,0.0,0.75,Nationality,4159
loco_uncertain_subset,123,0.55,hybrid_uncertain_signal_fallback,10,6,4,0.6666666666666666,0.25,0.0,0.75,Nationality,4159
loco_uncertain_subset,123,0.55,seven_signal_moe_predicted,10,6,4,0.6666666666666666,0.25,0.0,0.75,Nationality,4159
loco_uncertain_subset,123,0.6,simple_condition_only,21,6,15,0.6666666666666666,0.4666666666666667,0.0,0.5333333333333333,Nationality,4159
loco_uncertain_subset,123,0.6,hybrid_uncertain_signal_fallback,21,6,15,0.6666666666666666,0.4666666666666667,0.0,0.5333333333333333,Nationality,4159
loco_uncertain_subset,123,0.6,seven_signal_moe_predicted,21,6,15,0.6666666666666666,0.4666666666666667,0.0,0.5333333333333333,Nationality,4159
loco_uncertain_subset,123,0.7,simple_condition_only,47,24,23,0.7083333333333334,0.4782608695652174,-0.1428571428571429,0.4782608695652174,Nationality,4159
loco_uncertain_subset,123,0.7,hybrid_uncertain_signal_fallback,47,24,23,0.7083333333333334,0.4782608695652174,-0.1428571428571429,0.4782608695652174,Nationality,4159
loco_uncertain_subset,123,0.7,seven_signal_moe_predicted,47,24,23,0.7083333333333334,0.4782608695652174,-0.1428571428571429,0.4782608695652174,Nationality,4159
loco_uncertain_subset,123,0.8,simple_condition_only,69,39,30,0.6410256410256411,0.5,-0.2857142857142857,0.4666666666666667,Nationality,4159
loco_uncertain_subset,123,0.8,hybrid_uncertain_signal_fallback,69,39,30,0.6410256410256411,0.5,-0.2857142857142857,0.4666666666666667,Nationality,4159
loco_uncertain_subset,123,0.8,seven_signal_moe_predicted,69,39,30,0.6410256410256411,0.5,-0.2857142857142857,0.4666666666666667,Nationality,4159
loco_uncertain_subset,123,0.9,simple_condition_only,108,63,45,0.5396825396825397,0.5111111111111111,-0.10344827586206895,0.4666666666666667,Nationality,4159
loco_uncertain_subset,123,0.9,hybrid_uncertain_signal_fallback,108,63,45,0.5396825396825397,0.5111111111111111,-0.10344827586206895,0.4666666666666667,Nationality,4159
loco_uncertain_subset,123,0.9,seven_signal_moe_predicted,108,63,45,0.5396825396825397,0.5111111111111111,-0.10344827586206895,0.4666666666666667,Nationality,4159
loco_uncertain_subset,123,0.55,simple_condition_only,11,4,7,0.75,0.42857142857142855,1.0,0.5714285714285714,Physical_appearance,5168
loco_uncertain_subset,123,0.55,hybrid_uncertain_signal_fallback,11,4,7,0.75,0.42857142857142855,1.0,0.5714285714285714,Physical_appearance,5168
loco_uncertain_subset,123,0.55,seven_signal_moe_predicted,11,4,7,0.75,0.42857142857142855,1.0,0.5714285714285714,Physical_appearance,5168
loco_uncertain_subset,123,0.6,simple_condition_only,22,10,12,0.7,0.3333333333333333,1.0,0.6666666666666666,Physical_appearance,5168
loco_uncertain_subset,123,0.6,hybrid_uncertain_signal_fallback,22,10,12,0.7,0.3333333333333333,1.0,0.6666666666666666,Physical_appearance,5168
loco_uncertain_subset,123,0.6,seven_signal_moe_predicted,22,10,12,0.7,0.3333333333333333,1.0,0.6666666666666666,Physical_appearance,5168
loco_uncertain_subset,123,0.7,simple_condition_only,44,17,27,0.6470588235294118,0.25925925925925924,1.0,0.7407407407407407,Physical_appearance,5168
loco_uncertain_subset,123,0.7,hybrid_uncertain_signal_fallback,44,17,27,0.6470588235294118,0.25925925925925924,1.0,0.7407407407407407,Physical_appearance,5168
loco_uncertain_subset,123,0.7,seven_signal_moe_predicted,44,17,27,0.6470588235294118,0.25925925925925924,1.0,0.7407407407407407,Physical_appearance,5168
loco_uncertain_subset,123,0.8,simple_condition_only,79,32,47,0.6875,0.3617021276595745,1.0,0.6382978723404256,Physical_appearance,5168
loco_uncertain_subset,123,0.8,hybrid_uncertain_signal_fallback,79,32,47,0.6875,0.3617021276595745,1.0,0.6382978723404256,Physical_appearance,5168
loco_uncertain_subset,123,0.8,seven_signal_moe_predicted,79,32,47,0.6875,0.3617021276595745,1.0,0.6382978723404256,Physical_appearance,5168
loco_uncertain_subset,123,0.9,simple_condition_only,103,45,58,0.7111111111111111,0.3620689655172414,1.0,0.6206896551724138,Physical_appearance,5168
loco_uncertain_subset,123,0.9,hybrid_uncertain_signal_fallback,103,45,58,0.7111111111111111,0.3620689655172414,1.0,0.6206896551724138,Physical_appearance,5168
loco_uncertain_subset,123,0.9,seven_signal_moe_predicted,103,45,58,0.7111111111111111,0.3620689655172414,1.0,0.6206896551724138,Physical_appearance,5168
loco_uncertain_subset,123,0.55,simple_condition_only,12,10,2,1.0,1.0,,0.0,Race_ethnicity,6177
loco_uncertain_subset,123,0.55,hybrid_uncertain_signal_fallback,12,10,2,1.0,1.0,,0.0,Race_ethnicity,6177
loco_uncertain_subset,123,0.55,seven_signal_moe_predicted,12,10,2,1.0,1.0,,0.0,Race_ethnicity,6177
loco_uncertain_subset,123,0.6,simple_condition_only,21,17,4,0.8823529411764706,0.5,1.0,0.5,Race_ethnicity,6177
loco_uncertain_subset,123,0.6,hybrid_uncertain_signal_fallback,21,17,4,0.8823529411764706,0.5,1.0,0.5,Race_ethnicity,6177
loco_uncertain_subset,123,0.6,seven_signal_moe_predicted,21,17,4,0.8823529411764706,0.5,1.0,0.5,Race_ethnicity,6177
loco_uncertain_subset,123,0.7,simple_condition_only,32,26,6,0.8461538461538461,0.5,0.5,0.5,Race_ethnicity,6177
loco_uncertain_subset,123,0.7,hybrid_uncertain_signal_fallback,32,26,6,0.8461538461538461,0.5,0.5,0.5,Race_ethnicity,6177
loco_uncertain_subset,123,0.7,seven_signal_moe_predicted,32,26,6,0.8461538461538461,0.5,0.5,0.5,Race_ethnicity,6177
loco_uncertain_subset,123,0.8,simple_condition_only,54,40,14,0.875,0.5,0.19999999999999996,0.35714285714285715,Race_ethnicity,6177
loco_uncertain_subset,123,0.8,hybrid_uncertain_signal_fallback,54,40,14,0.875,0.5,0.19999999999999996,0.35714285714285715,Race_ethnicity,6177
loco_uncertain_subset,123,0.8,seven_signal_moe_predicted,54,40,14,0.875,0.5,0.19999999999999996,0.35714285714285715,Race_ethnicity,6177
loco_uncertain_subset,123,0.9,simple_condition_only,84,58,26,0.896551724137931,0.6538461538461539,0.0,0.2692307692307692,Race_ethnicity,6177
loco_uncertain_subset,123,0.9,hybrid_uncertain_signal_fallback,84,58,26,0.896551724137931,0.6538461538461539,0.0,0.2692307692307692,Race_ethnicity,6177
loco_uncertain_subset,123,0.9,seven_signal_moe_predicted,84,58,26,0.896551724137931,0.6538461538461539,0.0,0.2692307692307692,Race_ethnicity,6177
loco_uncertain_subset,123,0.55,simple_condition_only,7,5,2,1.0,0.0,,1.0,Religion,7186
loco_uncertain_subset,123,0.55,hybrid_uncertain_signal_fallback,7,5,2,1.0,0.0,,1.0,Religion,7186
loco_uncertain_subset,123,0.55,seven_signal_moe_predicted,7,5,2,1.0,0.0,,1.0,Religion,7186
loco_uncertain_subset,123,0.6,simple_condition_only,13,8,5,1.0,0.0,,1.0,Religion,7186
loco_uncertain_subset,123,0.6,hybrid_uncertain_signal_fallback,13,8,5,1.0,0.0,,1.0,Religion,7186
loco_uncertain_subset,123,0.6,seven_signal_moe_predicted,13,8,5,1.0,0.0,,1.0,Religion,7186
loco_uncertain_subset,123,0.7,simple_condition_only,25,14,11,0.9285714285714286,0.2727272727272727,1.0,0.7272727272727273,Religion,7186
loco_uncertain_subset,123,0.7,hybrid_uncertain_signal_fallback,25,14,11,0.9285714285714286,0.2727272727272727,1.0,0.7272727272727273,Religion,7186
loco_uncertain_subset,123,0.7,seven_signal_moe_predicted,25,14,11,0.9285714285714286,0.2727272727272727,1.0,0.7272727272727273,Religion,7186
loco_uncertain_subset,123,0.8,simple_condition_only,39,24,15,0.9166666666666666,0.26666666666666666,0.0,0.6666666666666666,Religion,7186
loco_uncertain_subset,123,0.8,hybrid_uncertain_signal_fallback,39,24,15,0.9166666666666666,0.26666666666666666,0.0,0.6666666666666666,Religion,7186
loco_uncertain_subset,123,0.8,seven_signal_moe_predicted,39,24,15,0.9166666666666666,0.26666666666666666,0.0,0.6666666666666666,Religion,7186
loco_uncertain_subset,123,0.9,simple_condition_only,75,37,38,0.8918918918918919,0.34210526315789475,0.5,0.5789473684210527,Religion,7186
loco_uncertain_subset,123,0.9,hybrid_uncertain_signal_fallback,75,37,38,0.8918918918918919,0.34210526315789475,0.5,0.5789473684210527,Religion,7186
loco_uncertain_subset,123,0.9,seven_signal_moe_predicted,75,37,38,0.8918918918918919,0.34210526315789475,0.5,0.5789473684210527,Religion,7186
loco_uncertain_subset,123,0.55,simple_condition_only,3,2,1,0.5,0.0,1.0,1.0,SES,8195
loco_uncertain_subset,123,0.55,hybrid_uncertain_signal_fallback,3,2,1,0.5,0.0,1.0,1.0,SES,8195
loco_uncertain_subset,123,0.55,seven_signal_moe_predicted,3,2,1,0.5,0.0,1.0,1.0,SES,8195
loco_uncertain_subset,123,0.6,simple_condition_only,7,3,4,0.6666666666666666,0.25,1.0,0.75,SES,8195
loco_uncertain_subset,123,0.6,hybrid_uncertain_signal_fallback,7,3,4,0.6666666666666666,0.25,1.0,0.75,SES,8195
loco_uncertain_subset,123,0.6,seven_signal_moe_predicted,7,3,4,0.6666666666666666,0.25,1.0,0.75,SES,8195
loco_uncertain_subset,123,0.7,simple_condition_only,21,6,15,0.8333333333333334,0.3333333333333333,1.0,0.6666666666666666,SES,8195
loco_uncertain_subset,123,0.7,hybrid_uncertain_signal_fallback,21,6,15,0.8333333333333334,0.3333333333333333,1.0,0.6666666666666666,SES,8195
loco_uncertain_subset,123,0.7,seven_signal_moe_predicted,21,6,15,0.8333333333333334,0.3333333333333333,1.0,0.6666666666666666,SES,8195
loco_uncertain_subset,123,0.8,simple_condition_only,39,12,27,0.8333333333333334,0.5185185185185185,1.0,0.48148148148148145,SES,8195
loco_uncertain_subset,123,0.8,hybrid_uncertain_signal_fallback,39,12,27,0.8333333333333334,0.5185185185185185,1.0,0.48148148148148145,SES,8195
loco_uncertain_subset,123,0.8,seven_signal_moe_predicted,39,12,27,0.8333333333333334,0.5185185185185185,1.0,0.48148148148148145,SES,8195
loco_uncertain_subset,123,0.9,simple_condition_only,59,20,39,0.9,0.5641025641025641,1.0,0.41025641025641024,SES,8195
loco_uncertain_subset,123,0.9,hybrid_uncertain_signal_fallback,59,20,39,0.9,0.5641025641025641,1.0,0.41025641025641024,SES,8195
loco_uncertain_subset,123,0.9,seven_signal_moe_predicted,59,20,39,0.9,0.5641025641025641,1.0,0.41025641025641024,SES,8195
loco_uncertain_subset,123,0.55,simple_condition_only,2,2,0,1.0,0.0,,0.0,Sexual_orientation,9204
loco_uncertain_subset,123,0.55,hybrid_uncertain_signal_fallback,2,2,0,1.0,0.0,,0.0,Sexual_orientation,9204
loco_uncertain_subset,123,0.55,seven_signal_moe_predicted,2,2,0,1.0,0.0,,0.0,Sexual_orientation,9204
loco_uncertain_subset,123,0.6,simple_condition_only,6,6,0,0.8333333333333334,0.0,1.0,0.0,Sexual_orientation,9204
loco_uncertain_subset,123,0.6,hybrid_uncertain_signal_fallback,6,6,0,1.0,0.0,,0.0,Sexual_orientation,9204
loco_uncertain_subset,123,0.6,seven_signal_moe_predicted,6,6,0,0.8333333333333334,0.0,1.0,0.0,Sexual_orientation,9204
loco_uncertain_subset,123,0.7,simple_condition_only,21,16,5,0.8125,0.2,1.0,0.8,Sexual_orientation,9204
loco_uncertain_subset,123,0.7,hybrid_uncertain_signal_fallback,21,16,5,0.875,0.2,1.0,0.8,Sexual_orientation,9204
loco_uncertain_subset,123,0.7,seven_signal_moe_predicted,21,16,5,0.8125,0.2,1.0,0.8,Sexual_orientation,9204
loco_uncertain_subset,123,0.8,simple_condition_only,39,33,6,0.8787878787878788,0.16666666666666666,1.0,0.8333333333333334,Sexual_orientation,9204
loco_uncertain_subset,123,0.8,hybrid_uncertain_signal_fallback,39,33,6,0.9090909090909091,0.16666666666666666,1.0,0.8333333333333334,Sexual_orientation,9204
loco_uncertain_subset,123,0.8,seven_signal_moe_predicted,39,33,6,0.8787878787878788,0.16666666666666666,1.0,0.8333333333333334,Sexual_orientation,9204
loco_uncertain_subset,123,0.9,simple_condition_only,68,53,15,0.9056603773584906,0.3333333333333333,1.0,0.6,Sexual_orientation,9204
loco_uncertain_subset,123,0.9,hybrid_uncertain_signal_fallback,68,53,15,0.9245283018867925,0.3333333333333333,1.0,0.6,Sexual_orientation,9204
loco_uncertain_subset,123,0.9,seven_signal_moe_predicted,68,53,15,0.9056603773584906,0.3333333333333333,1.0,0.6,Sexual_orientation,9204
loco_uncertain_subset,456,0.55,simple_condition_only,9,1,8,1.0,0.5,,0.5,Age,1465
loco_uncertain_subset,456,0.55,hybrid_uncertain_signal_fallback,9,1,8,1.0,0.5,,0.5,Age,1465
loco_uncertain_subset,456,0.55,seven_signal_moe_predicted,9,1,8,1.0,0.5,,0.5,Age,1465
loco_uncertain_subset,456,0.6,simple_condition_only,17,2,15,1.0,0.4666666666666667,,0.4,Age,1465
loco_uncertain_subset,456,0.6,hybrid_uncertain_signal_fallback,17,2,15,1.0,0.4666666666666667,,0.4,Age,1465
loco_uncertain_subset,456,0.6,seven_signal_moe_predicted,17,2,15,1.0,0.4666666666666667,,0.4,Age,1465
loco_uncertain_subset,456,0.7,simple_condition_only,34,3,31,0.6666666666666666,0.4838709677419355,-1.0,0.45161290322580644,Age,1465
loco_uncertain_subset,456,0.7,hybrid_uncertain_signal_fallback,34,3,31,0.6666666666666666,0.4838709677419355,-1.0,0.45161290322580644,Age,1465
loco_uncertain_subset,456,0.7,seven_signal_moe_predicted,34,3,31,0.6666666666666666,0.4838709677419355,-1.0,0.45161290322580644,Age,1465
loco_uncertain_subset,456,0.8,simple_condition_only,59,9,50,0.5555555555555556,0.5,-0.5,0.42,Age,1465
loco_uncertain_subset,456,0.8,hybrid_uncertain_signal_fallback,59,9,50,0.5555555555555556,0.5,-0.5,0.42,Age,1465
loco_uncertain_subset,456,0.8,seven_signal_moe_predicted,59,9,50,0.5555555555555556,0.5,-0.5,0.42,Age,1465
loco_uncertain_subset,456,0.9,simple_condition_only,92,20,72,0.7,0.5,0.0,0.4166666666666667,Age,1465
loco_uncertain_subset,456,0.9,hybrid_uncertain_signal_fallback,92,20,72,0.7,0.5,0.0,0.4166666666666667,Age,1465
loco_uncertain_subset,456,0.9,seven_signal_moe_predicted,92,20,72,0.7,0.5,0.0,0.4166666666666667,Age,1465
loco_uncertain_subset,456,0.55,simple_condition_only,9,0,9,0.0,0.4444444444444444,,0.5555555555555556,Disability_status,2474
loco_uncertain_subset,456,0.55,hybrid_uncertain_signal_fallback,9,0,9,0.0,0.4444444444444444,,0.5555555555555556,Disability_status,2474
loco_uncertain_subset,456,0.55,seven_signal_moe_predicted,9,0,9,0.0,0.4444444444444444,,0.5555555555555556,Disability_status,2474
loco_uncertain_subset,456,0.6,simple_condition_only,24,0,24,0.0,0.3333333333333333,,0.6666666666666666,Disability_status,2474
loco_uncertain_subset,456,0.6,hybrid_uncertain_signal_fallback,24,0,24,0.0,0.3333333333333333,,0.6666666666666666,Disability_status,2474
loco_uncertain_subset,456,0.6,seven_signal_moe_predicted,24,0,24,0.0,0.3333333333333333,,0.6666666666666666,Disability_status,2474
loco_uncertain_subset,456,0.7,simple_condition_only,50,0,50,0.0,0.38,,0.6,Disability_status,2474
loco_uncertain_subset,456,0.7,hybrid_uncertain_signal_fallback,50,0,50,0.0,0.38,,0.6,Disability_status,2474
loco_uncertain_subset,456,0.7,seven_signal_moe_predicted,50,0,50,0.0,0.38,,0.6,Disability_status,2474
loco_uncertain_subset,456,0.8,simple_condition_only,72,0,72,0.0,0.4166666666666667,,0.5277777777777778,Disability_status,2474
loco_uncertain_subset,456,0.8,hybrid_uncertain_signal_fallback,72,0,72,0.0,0.4166666666666667,,0.5277777777777778,Disability_status,2474
loco_uncertain_subset,456,0.8,seven_signal_moe_predicted,72,0,72,0.0,0.4166666666666667,,0.5277777777777778,Disability_status,2474
loco_uncertain_subset,456,0.9,simple_condition_only,122,0,122,0.0,0.48360655737704916,,0.45081967213114754,Disability_status,2474
loco_uncertain_subset,456,0.9,hybrid_uncertain_signal_fallback,122,0,122,0.0,0.48360655737704916,,0.45081967213114754,Disability_status,2474
loco_uncertain_subset,456,0.9,seven_signal_moe_predicted,122,0,122,0.0,0.48360655737704916,,0.45081967213114754,Disability_status,2474
loco_uncertain_subset,456,0.55,simple_condition_only,7,4,3,0.75,1.0,1.0,0.0,Gender_identity,3483
loco_uncertain_subset,456,0.55,hybrid_uncertain_signal_fallback,7,4,3,0.75,1.0,1.0,0.0,Gender_identity,3483
loco_uncertain_subset,456,0.55,seven_signal_moe_predicted,7,4,3,0.75,1.0,1.0,0.0,Gender_identity,3483
loco_uncertain_subset,456,0.6,simple_condition_only,12,5,7,0.8,0.7142857142857143,1.0,0.2857142857142857,Gender_identity,3483
loco_uncertain_subset,456,0.6,hybrid_uncertain_signal_fallback,12,5,7,0.8,0.7142857142857143,1.0,0.2857142857142857,Gender_identity,3483
loco_uncertain_subset,456,0.6,seven_signal_moe_predicted,12,5,7,0.8,0.7142857142857143,1.0,0.2857142857142857,Gender_identity,3483
loco_uncertain_subset,456,0.7,simple_condition_only,27,10,17,0.9,0.5294117647058824,1.0,0.47058823529411764,Gender_identity,3483
loco_uncertain_subset,456,0.7,hybrid_uncertain_signal_fallback,27,10,17,0.9,0.5294117647058824,1.0,0.47058823529411764,Gender_identity,3483
loco_uncertain_subset,456,0.7,seven_signal_moe_predicted,27,10,17,0.8,0.6470588235294118,1.0,0.35294117647058826,Gender_identity,3483
loco_uncertain_subset,456,0.8,simple_condition_only,47,17,30,0.9411764705882353,0.5,1.0,0.5,Gender_identity,3483
loco_uncertain_subset,456,0.8,hybrid_uncertain_signal_fallback,47,17,30,0.9411764705882353,0.5,1.0,0.5,Gender_identity,3483
loco_uncertain_subset,456,0.8,seven_signal_moe_predicted,47,17,30,0.7647058823529411,0.6,1.0,0.4,Gender_identity,3483
loco_uncertain_subset,456,0.9,simple_condition_only,76,24,52,0.9583333333333334,0.4423076923076923,1.0,0.5576923076923077,Gender_identity,3483
loco_uncertain_subset,456,0.9,hybrid_uncertain_signal_fallback,76,24,52,0.9583333333333334,0.4423076923076923,1.0,0.5576923076923077,Gender_identity,3483
loco_uncertain_subset,456,0.9,seven_signal_moe_predicted,76,24,52,0.8333333333333334,0.5192307692307693,1.0,0.4807692307692308,Gender_identity,3483
loco_uncertain_subset,456,0.55,simple_condition_only,6,3,3,0.6666666666666666,0.6666666666666666,1.0,0.3333333333333333,Nationality,4492
loco_uncertain_subset,456,0.55,hybrid_uncertain_signal_fallback,6,3,3,0.6666666666666666,0.6666666666666666,1.0,0.3333333333333333,Nationality,4492
loco_uncertain_subset,456,0.55,seven_signal_moe_predicted,6,3,3,0.6666666666666666,0.6666666666666666,1.0,0.3333333333333333,Nationality,4492
loco_uncertain_subset,456,0.6,simple_condition_only,16,9,7,0.5555555555555556,0.5714285714285714,0.0,0.42857142857142855,Nationality,4492
loco_uncertain_subset,456,0.6,hybrid_uncertain_signal_fallback,16,9,7,0.5555555555555556,0.5714285714285714,0.0,0.42857142857142855,Nationality,4492
loco_uncertain_subset,456,0.6,seven_signal_moe_predicted,16,9,7,0.5555555555555556,0.5714285714285714,0.0,0.42857142857142855,Nationality,4492
loco_uncertain_subset,456,0.7,simple_condition_only,41,24,17,0.6666666666666666,0.7058823529411765,0.0,0.29411764705882354,Nationality,4492
loco_uncertain_subset,456,0.7,hybrid_uncertain_signal_fallback,41,24,17,0.6666666666666666,0.7058823529411765,0.0,0.29411764705882354,Nationality,4492
loco_uncertain_subset,456,0.7,seven_signal_moe_predicted,41,24,17,0.6666666666666666,0.7058823529411765,0.0,0.29411764705882354,Nationality,4492
loco_uncertain_subset,456,0.8,simple_condition_only,69,39,30,0.5641025641025641,0.6666666666666666,-0.17647058823529416,0.3,Nationality,4492
loco_uncertain_subset,456,0.8,hybrid_uncertain_signal_fallback,69,39,30,0.5641025641025641,0.6666666666666666,-0.17647058823529416,0.3,Nationality,4492
loco_uncertain_subset,456,0.8,seven_signal_moe_predicted,69,39,30,0.5641025641025641,0.6666666666666666,-0.17647058823529416,0.3,Nationality,4492
loco_uncertain_subset,456,0.9,simple_condition_only,100,58,42,0.5517241379310345,0.5714285714285714,-0.23076923076923073,0.40476190476190477,Nationality,4492
loco_uncertain_subset,456,0.9,hybrid_uncertain_signal_fallback,100,58,42,0.5517241379310345,0.5714285714285714,-0.23076923076923073,0.40476190476190477,Nationality,4492
loco_uncertain_subset,456,0.9,seven_signal_moe_predicted,100,58,42,0.5517241379310345,0.5714285714285714,-0.23076923076923073,0.40476190476190477,Nationality,4492
loco_uncertain_subset,456,0.55,simple_condition_only,18,11,7,0.5454545454545454,0.14285714285714285,1.0,0.8571428571428571,Physical_appearance,5501
loco_uncertain_subset,456,0.55,hybrid_uncertain_signal_fallback,18,11,7,0.5454545454545454,0.14285714285714285,1.0,0.8571428571428571,Physical_appearance,5501
loco_uncertain_subset,456,0.55,seven_signal_moe_predicted,18,11,7,0.5454545454545454,0.42857142857142855,1.0,0.5714285714285714,Physical_appearance,5501
loco_uncertain_subset,456,0.6,simple_condition_only,30,14,16,0.5714285714285714,0.125,1.0,0.875,Physical_appearance,5501
loco_uncertain_subset,456,0.6,hybrid_uncertain_signal_fallback,30,14,16,0.5714285714285714,0.125,1.0,0.875,Physical_appearance,5501
loco_uncertain_subset,456,0.6,seven_signal_moe_predicted,30,14,16,0.5714285714285714,0.25,1.0,0.75,Physical_appearance,5501
loco_uncertain_subset,456,0.7,simple_condition_only,56,24,32,0.625,0.1875,1.0,0.78125,Physical_appearance,5501
loco_uncertain_subset,456,0.7,hybrid_uncertain_signal_fallback,56,24,32,0.625,0.1875,1.0,0.78125,Physical_appearance,5501
loco_uncertain_subset,456,0.7,seven_signal_moe_predicted,56,24,32,0.625,0.34375,1.0,0.625,Physical_appearance,5501
loco_uncertain_subset,456,0.8,simple_condition_only,77,34,43,0.6470588235294118,0.20930232558139536,1.0,0.7674418604651163,Physical_appearance,5501
loco_uncertain_subset,456,0.8,hybrid_uncertain_signal_fallback,77,34,43,0.6470588235294118,0.20930232558139536,1.0,0.7674418604651163,Physical_appearance,5501
loco_uncertain_subset,456,0.8,seven_signal_moe_predicted,77,34,43,0.6470588235294118,0.3953488372093023,1.0,0.5813953488372093,Physical_appearance,5501
loco_uncertain_subset,456,0.9,simple_condition_only,115,54,61,0.7037037037037037,0.2459016393442623,1.0,0.6885245901639344,Physical_appearance,5501
loco_uncertain_subset,456,0.9,hybrid_uncertain_signal_fallback,115,54,61,0.7037037037037037,0.2459016393442623,1.0,0.6885245901639344,Physical_appearance,5501
loco_uncertain_subset,456,0.9,seven_signal_moe_predicted,115,54,61,0.7037037037037037,0.39344262295081966,1.0,0.5409836065573771,Physical_appearance,5501
loco_uncertain_subset,456,0.55,simple_condition_only,7,6,1,0.6666666666666666,0.0,1.0,1.0,Race_ethnicity,6510
loco_uncertain_subset,456,0.55,hybrid_uncertain_signal_fallback,7,6,1,0.6666666666666666,0.0,1.0,1.0,Race_ethnicity,6510
loco_uncertain_subset,456,0.55,seven_signal_moe_predicted,7,6,1,0.6666666666666666,0.0,1.0,1.0,Race_ethnicity,6510
loco_uncertain_subset,456,0.6,simple_condition_only,14,12,2,0.75,0.0,0.33333333333333326,0.5,Race_ethnicity,6510
loco_uncertain_subset,456,0.6,hybrid_uncertain_signal_fallback,14,12,2,0.75,0.0,0.33333333333333326,0.5,Race_ethnicity,6510
loco_uncertain_subset,456,0.6,seven_signal_moe_predicted,14,12,2,0.75,0.0,0.33333333333333326,0.5,Race_ethnicity,6510
loco_uncertain_subset,456,0.7,simple_condition_only,29,22,7,0.7727272727272727,0.42857142857142855,0.19999999999999996,0.42857142857142855,Race_ethnicity,6510
loco_uncertain_subset,456,0.7,hybrid_uncertain_signal_fallback,29,22,7,0.7727272727272727,0.42857142857142855,0.19999999999999996,0.42857142857142855,Race_ethnicity,6510
loco_uncertain_subset,456,0.7,seven_signal_moe_predicted,29,22,7,0.7727272727272727,0.42857142857142855,0.19999999999999996,0.42857142857142855,Race_ethnicity,6510
loco_uncertain_subset,456,0.8,simple_condition_only,49,38,11,0.8157894736842105,0.5454545454545454,0.1428571428571428,0.36363636363636365,Race_ethnicity,6510
loco_uncertain_subset,456,0.8,hybrid_uncertain_signal_fallback,49,38,11,0.8157894736842105,0.5454545454545454,0.1428571428571428,0.36363636363636365,Race_ethnicity,6510
loco_uncertain_subset,456,0.8,seven_signal_moe_predicted,49,38,11,0.8157894736842105,0.5454545454545454,0.1428571428571428,0.36363636363636365,Race_ethnicity,6510
loco_uncertain_subset,456,0.9,simple_condition_only,91,67,24,0.8507462686567164,0.5833333333333334,0.0,0.375,Race_ethnicity,6510
loco_uncertain_subset,456,0.9,hybrid_uncertain_signal_fallback,91,67,24,0.8507462686567164,0.5833333333333334,0.0,0.375,Race_ethnicity,6510
loco_uncertain_subset,456,0.9,seven_signal_moe_predicted,91,67,24,0.8507462686567164,0.5833333333333334,0.0,0.375,Race_ethnicity,6510
loco_uncertain_subset,456,0.55,simple_condition_only,5,0,5,0.0,0.2,,0.8,Religion,7519
loco_uncertain_subset,456,0.55,hybrid_uncertain_signal_fallback,5,0,5,0.0,0.2,,0.8,Religion,7519
loco_uncertain_subset,456,0.55,seven_signal_moe_predicted,5,0,5,0.0,0.6,,0.2,Religion,7519
loco_uncertain_subset,456,0.6,simple_condition_only,10,4,6,0.75,0.3333333333333333,1.0,0.6666666666666666,Religion,7519
loco_uncertain_subset,456,0.6,hybrid_uncertain_signal_fallback,10,4,6,0.75,0.3333333333333333,1.0,0.6666666666666666,Religion,7519
loco_uncertain_subset,456,0.6,seven_signal_moe_predicted,10,4,6,0.75,0.6666666666666666,1.0,0.16666666666666666,Religion,7519
loco_uncertain_subset,456,0.7,simple_condition_only,36,17,19,0.9411764705882353,0.3157894736842105,1.0,0.631578947368421,Religion,7519
loco_uncertain_subset,456,0.7,hybrid_uncertain_signal_fallback,36,17,19,0.9411764705882353,0.3157894736842105,1.0,0.631578947368421,Religion,7519
loco_uncertain_subset,456,0.7,seven_signal_moe_predicted,36,17,19,0.9411764705882353,0.42105263157894735,1.0,0.42105263157894735,Religion,7519
loco_uncertain_subset,456,0.8,simple_condition_only,54,27,27,0.8888888888888888,0.48148148148148145,0.33333333333333326,0.48148148148148145,Religion,7519
loco_uncertain_subset,456,0.8,hybrid_uncertain_signal_fallback,54,27,27,0.8888888888888888,0.48148148148148145,0.33333333333333326,0.48148148148148145,Religion,7519
loco_uncertain_subset,456,0.8,seven_signal_moe_predicted,54,27,27,0.8888888888888888,0.5555555555555556,0.33333333333333326,0.3333333333333333,Religion,7519
loco_uncertain_subset,456,0.9,simple_condition_only,89,41,48,0.9024390243902439,0.4166666666666667,0.5,0.5208333333333334,Religion,7519
loco_uncertain_subset,456,0.9,hybrid_uncertain_signal_fallback,89,41,48,0.9024390243902439,0.4166666666666667,0.5,0.5208333333333334,Religion,7519
loco_uncertain_subset,456,0.9,seven_signal_moe_predicted,89,41,48,0.9024390243902439,0.5208333333333334,0.5,0.375,Religion,7519
loco_uncertain_subset,456,0.55,simple_condition_only,7,3,4,0.3333333333333333,0.0,1.0,1.0,SES,8528
loco_uncertain_subset,456,0.55,hybrid_uncertain_signal_fallback,7,3,4,0.3333333333333333,0.0,1.0,1.0,SES,8528
loco_uncertain_subset,456,0.55,seven_signal_moe_predicted,7,3,4,0.3333333333333333,0.5,1.0,0.5,SES,8528
loco_uncertain_subset,456,0.6,simple_condition_only,9,4,5,0.5,0.2,1.0,0.8,SES,8528
loco_uncertain_subset,456,0.6,hybrid_uncertain_signal_fallback,9,4,5,0.5,0.2,1.0,0.8,SES,8528
loco_uncertain_subset,456,0.6,seven_signal_moe_predicted,9,4,5,0.5,0.6,1.0,0.4,SES,8528
loco_uncertain_subset,456,0.7,simple_condition_only,19,9,10,0.6666666666666666,0.2,1.0,0.8,SES,8528
loco_uncertain_subset,456,0.7,hybrid_uncertain_signal_fallback,19,9,10,0.6666666666666666,0.2,1.0,0.8,SES,8528
loco_uncertain_subset,456,0.7,seven_signal_moe_predicted,19,9,10,0.6666666666666666,0.5,1.0,0.5,SES,8528
loco_uncertain_subset,456,0.8,simple_condition_only,39,16,23,0.75,0.5217391304347826,1.0,0.4782608695652174,SES,8528
loco_uncertain_subset,456,0.8,hybrid_uncertain_signal_fallback,39,16,23,0.75,0.5217391304347826,1.0,0.4782608695652174,SES,8528
loco_uncertain_subset,456,0.8,seven_signal_moe_predicted,39,16,23,0.75,0.6956521739130435,1.0,0.30434782608695654,SES,8528
loco_uncertain_subset,456,0.9,simple_condition_only,53,23,30,0.8260869565217391,0.5666666666666667,1.0,0.43333333333333335,SES,8528
loco_uncertain_subset,456,0.9,hybrid_uncertain_signal_fallback,53,23,30,0.8260869565217391,0.5666666666666667,1.0,0.43333333333333335,SES,8528
loco_uncertain_subset,456,0.9,seven_signal_moe_predicted,53,23,30,0.8260869565217391,0.7,1.0,0.3,SES,8528
loco_uncertain_subset,456,0.55,simple_condition_only,8,8,0,0.875,0.0,1.0,0.0,Sexual_orientation,9537
loco_uncertain_subset,456,0.55,hybrid_uncertain_signal_fallback,8,8,0,0.75,0.0,0.0,0.0,Sexual_orientation,9537
loco_uncertain_subset,456,0.55,seven_signal_moe_predicted,8,8,0,0.875,0.0,1.0,0.0,Sexual_orientation,9537
loco_uncertain_subset,456,0.6,simple_condition_only,14,13,1,0.9230769230769231,0.0,1.0,1.0,Sexual_orientation,9537
loco_uncertain_subset,456,0.6,hybrid_uncertain_signal_fallback,14,13,1,0.8461538461538461,0.0,0.0,1.0,Sexual_orientation,9537
loco_uncertain_subset,456,0.6,seven_signal_moe_predicted,14,13,1,0.9230769230769231,0.0,1.0,1.0,Sexual_orientation,9537
loco_uncertain_subset,456,0.7,simple_condition_only,30,26,4,0.9230769230769231,0.25,1.0,0.75,Sexual_orientation,9537
loco_uncertain_subset,456,0.7,hybrid_uncertain_signal_fallback,30,26,4,0.8461538461538461,0.25,0.5,0.75,Sexual_orientation,9537
loco_uncertain_subset,456,0.7,seven_signal_moe_predicted,30,26,4,0.9230769230769231,0.25,1.0,0.75,Sexual_orientation,9537
loco_uncertain_subset,456,0.8,simple_condition_only,40,34,6,0.9117647058823529,0.16666666666666666,1.0,0.8333333333333334,Sexual_orientation,9537
loco_uncertain_subset,456,0.8,hybrid_uncertain_signal_fallback,40,34,6,0.8529411764705882,0.16666666666666666,0.6000000000000001,0.8333333333333334,Sexual_orientation,9537
loco_uncertain_subset,456,0.8,seven_signal_moe_predicted,40,34,6,0.9117647058823529,0.16666666666666666,1.0,0.8333333333333334,Sexual_orientation,9537
loco_uncertain_subset,456,0.9,simple_condition_only,68,57,11,0.8947368421052632,0.36363636363636365,1.0,0.5454545454545454,Sexual_orientation,9537
loco_uncertain_subset,456,0.9,hybrid_uncertain_signal_fallback,68,57,11,0.8596491228070176,0.36363636363636365,0.75,0.5454545454545454,Sexual_orientation,9537
loco_uncertain_subset,456,0.9,seven_signal_moe_predicted,68,57,11,0.8947368421052632,0.36363636363636365,1.0,0.5454545454545454,Sexual_orientation,9537
loco_uncertain_subset,789,0.55,simple_condition_only,5,1,4,1.0,0.5,,0.5,Age,1798
loco_uncertain_subset,789,0.55,hybrid_uncertain_signal_fallback,5,1,4,0.0,0.75,1.0,0.25,Age,1798
loco_uncertain_subset,789,0.55,seven_signal_moe_predicted,5,1,4,1.0,0.5,,0.5,Age,1798
loco_uncertain_subset,789,0.6,simple_condition_only,15,4,11,0.5,0.2727272727272727,0.0,0.6363636363636364,Age,1798
loco_uncertain_subset,789,0.6,hybrid_uncertain_signal_fallback,15,4,11,0.25,0.36363636363636365,0.33333333333333326,0.5454545454545454,Age,1798
loco_uncertain_subset,789,0.6,seven_signal_moe_predicted,15,4,11,0.5,0.2727272727272727,0.0,0.6363636363636364,Age,1798
loco_uncertain_subset,789,0.7,simple_condition_only,40,5,35,0.6,0.4,0.0,0.5142857142857142,Age,1798
loco_uncertain_subset,789,0.7,hybrid_uncertain_signal_fallback,40,5,35,0.4,0.42857142857142855,0.33333333333333326,0.4857142857142857,Age,1798
loco_uncertain_subset,789,0.7,seven_signal_moe_predicted,40,5,35,0.6,0.4,0.0,0.5142857142857142,Age,1798
loco_uncertain_subset,789,0.8,simple_condition_only,69,15,54,0.6,0.46296296296296297,-0.33333333333333337,0.42592592592592593,Age,1798
loco_uncertain_subset,789,0.8,hybrid_uncertain_signal_fallback,69,15,54,0.5333333333333333,0.48148148148148145,-0.1428571428571429,0.4074074074074074,Age,1798
loco_uncertain_subset,789,0.8,seven_signal_moe_predicted,69,15,54,0.6,0.46296296296296297,-0.33333333333333337,0.42592592592592593,Age,1798
loco_uncertain_subset,789,0.9,simple_condition_only,92,24,68,0.6666666666666666,0.4852941176470588,0.0,0.4117647058823529,Age,1798
loco_uncertain_subset,789,0.9,hybrid_uncertain_signal_fallback,92,24,68,0.625,0.5,0.11111111111111116,0.39705882352941174,Age,1798
loco_uncertain_subset,789,0.9,seven_signal_moe_predicted,92,24,68,0.6666666666666666,0.4852941176470588,0.0,0.4117647058823529,Age,1798
loco_uncertain_subset,789,0.55,simple_condition_only,13,0,13,0.0,0.6153846153846154,,0.38461538461538464,Disability_status,2807
loco_uncertain_subset,789,0.55,hybrid_uncertain_signal_fallback,13,0,13,0.0,0.6153846153846154,,0.38461538461538464,Disability_status,2807
loco_uncertain_subset,789,0.55,seven_signal_moe_predicted,13,0,13,0.0,0.6153846153846154,,0.38461538461538464,Disability_status,2807
loco_uncertain_subset,789,0.6,simple_condition_only,29,0,29,0.0,0.5517241379310345,,0.41379310344827586,Disability_status,2807
loco_uncertain_subset,789,0.6,hybrid_uncertain_signal_fallback,29,0,29,0.0,0.5517241379310345,,0.41379310344827586,Disability_status,2807
loco_uncertain_subset,789,0.6,seven_signal_moe_predicted,29,0,29,0.0,0.5517241379310345,,0.41379310344827586,Disability_status,2807
loco_uncertain_subset,789,0.7,simple_condition_only,52,0,52,0.0,0.4423076923076923,,0.5,Disability_status,2807
loco_uncertain_subset,789,0.7,hybrid_uncertain_signal_fallback,52,0,52,0.0,0.4423076923076923,,0.5,Disability_status,2807
loco_uncertain_subset,789,0.7,seven_signal_moe_predicted,52,0,52,0.0,0.4423076923076923,,0.5,Disability_status,2807
loco_uncertain_subset,789,0.8,simple_condition_only,80,0,80,0.0,0.525,,0.4125,Disability_status,2807
loco_uncertain_subset,789,0.8,hybrid_uncertain_signal_fallback,80,0,80,0.0,0.525,,0.4125,Disability_status,2807
loco_uncertain_subset,789,0.8,seven_signal_moe_predicted,80,0,80,0.0,0.525,,0.4125,Disability_status,2807
loco_uncertain_subset,789,0.9,simple_condition_only,128,0,128,0.0,0.5546875,,0.3828125,Disability_status,2807
loco_uncertain_subset,789,0.9,hybrid_uncertain_signal_fallback,128,0,128,0.0,0.5546875,,0.3828125,Disability_status,2807
loco_uncertain_subset,789,0.9,seven_signal_moe_predicted,128,0,128,0.0,0.5546875,,0.3828125,Disability_status,2807
loco_uncertain_subset,789,0.55,simple_condition_only,5,2,3,1.0,0.3333333333333333,,0.6666666666666666,Gender_identity,3816
loco_uncertain_subset,789,0.55,hybrid_uncertain_signal_fallback,5,2,3,1.0,0.3333333333333333,,0.6666666666666666,Gender_identity,3816
loco_uncertain_subset,789,0.55,seven_signal_moe_predicted,5,2,3,1.0,0.3333333333333333,,0.6666666666666666,Gender_identity,3816
loco_uncertain_subset,789,0.6,simple_condition_only,14,5,9,1.0,0.3333333333333333,,0.6666666666666666,Gender_identity,3816
loco_uncertain_subset,789,0.6,hybrid_uncertain_signal_fallback,14,5,9,1.0,0.3333333333333333,,0.6666666666666666,Gender_identity,3816
loco_uncertain_subset,789,0.6,seven_signal_moe_predicted,14,5,9,1.0,0.3333333333333333,,0.6666666666666666,Gender_identity,3816
loco_uncertain_subset,789,0.7,simple_condition_only,28,14,14,0.9285714285714286,0.42857142857142855,1.0,0.5714285714285714,Gender_identity,3816
loco_uncertain_subset,789,0.7,hybrid_uncertain_signal_fallback,28,14,14,0.9285714285714286,0.42857142857142855,1.0,0.5714285714285714,Gender_identity,3816
loco_uncertain_subset,789,0.7,seven_signal_moe_predicted,28,14,14,0.9285714285714286,0.42857142857142855,1.0,0.5714285714285714,Gender_identity,3816
loco_uncertain_subset,789,0.8,simple_condition_only,44,20,24,0.9,0.4583333333333333,1.0,0.5416666666666666,Gender_identity,3816
loco_uncertain_subset,789,0.8,hybrid_uncertain_signal_fallback,44,20,24,0.9,0.4583333333333333,1.0,0.5416666666666666,Gender_identity,3816
loco_uncertain_subset,789,0.8,seven_signal_moe_predicted,44,20,24,0.9,0.4583333333333333,1.0,0.5416666666666666,Gender_identity,3816
loco_uncertain_subset,789,0.9,simple_condition_only,67,29,38,0.9310344827586207,0.4473684210526316,1.0,0.5526315789473685,Gender_identity,3816
loco_uncertain_subset,789,0.9,hybrid_uncertain_signal_fallback,67,29,38,0.9310344827586207,0.4473684210526316,1.0,0.5526315789473685,Gender_identity,3816
loco_uncertain_subset,789,0.9,seven_signal_moe_predicted,67,29,38,0.9310344827586207,0.4473684210526316,1.0,0.5526315789473685,Gender_identity,3816
loco_uncertain_subset,789,0.55,simple_condition_only,7,4,3,0.5,0.0,1.0,1.0,Nationality,4825
loco_uncertain_subset,789,0.55,hybrid_uncertain_signal_fallback,7,4,3,0.25,0.6666666666666666,1.0,0.3333333333333333,Nationality,4825
loco_uncertain_subset,789,0.55,seven_signal_moe_predicted,7,4,3,0.25,0.0,1.0,1.0,Nationality,4825
loco_uncertain_subset,789,0.6,simple_condition_only,17,12,5,0.5,0.4,-0.33333333333333337,0.6,Nationality,4825
loco_uncertain_subset,789,0.6,hybrid_uncertain_signal_fallback,17,12,5,0.4166666666666667,0.8,-0.1428571428571429,0.2,Nationality,4825
loco_uncertain_subset,789,0.6,seven_signal_moe_predicted,17,12,5,0.4166666666666667,0.4,-0.1428571428571429,0.6,Nationality,4825
loco_uncertain_subset,789,0.7,simple_condition_only,39,23,16,0.6521739130434783,0.625,-0.25,0.375,Nationality,4825
loco_uncertain_subset,789,0.7,hybrid_uncertain_signal_fallback,39,23,16,0.6086956521739131,0.75,-0.11111111111111116,0.25,Nationality,4825
loco_uncertain_subset,789,0.7,seven_signal_moe_predicted,39,23,16,0.5217391304347826,0.8125,-0.09090909090909094,0.1875,Nationality,4825
loco_uncertain_subset,789,0.8,simple_condition_only,75,42,33,0.5238095238095238,0.5151515151515151,-0.09999999999999998,0.45454545454545453,Nationality,4825
loco_uncertain_subset,789,0.8,hybrid_uncertain_signal_fallback,75,42,33,0.5,0.5757575757575758,-0.04761904761904767,0.3939393939393939,Nationality,4825
loco_uncertain_subset,789,0.8,seven_signal_moe_predicted,75,42,33,0.42857142857142855,0.7272727272727273,-0.08333333333333337,0.24242424242424243,Nationality,4825
loco_uncertain_subset,789,0.9,simple_condition_only,103,61,42,0.4918032786885246,0.5476190476190477,-0.09677419354838712,0.42857142857142855,Nationality,4825
loco_uncertain_subset,789,0.9,hybrid_uncertain_signal_fallback,103,61,42,0.47540983606557374,0.5952380952380952,-0.0625,0.38095238095238093,Nationality,4825
loco_uncertain_subset,789,0.9,seven_signal_moe_predicted,103,61,42,0.4098360655737705,0.7380952380952381,-0.11111111111111116,0.23809523809523808,Nationality,4825
loco_uncertain_subset,789,0.55,simple_condition_only,14,7,7,0.42857142857142855,0.2857142857142857,1.0,0.7142857142857143,Physical_appearance,5834
loco_uncertain_subset,789,0.55,hybrid_uncertain_signal_fallback,14,7,7,0.42857142857142855,1.0,1.0,0.0,Physical_appearance,5834
loco_uncertain_subset,789,0.55,seven_signal_moe_predicted,14,7,7,0.42857142857142855,0.2857142857142857,1.0,0.7142857142857143,Physical_appearance,5834
loco_uncertain_subset,789,0.6,simple_condition_only,27,13,14,0.5384615384615384,0.2857142857142857,1.0,0.7142857142857143,Physical_appearance,5834
loco_uncertain_subset,789,0.6,hybrid_uncertain_signal_fallback,27,13,14,0.3076923076923077,0.7142857142857143,0.7777777777777777,0.2857142857142857,Physical_appearance,5834
loco_uncertain_subset,789,0.6,seven_signal_moe_predicted,27,13,14,0.5384615384615384,0.2857142857142857,1.0,0.7142857142857143,Physical_appearance,5834
loco_uncertain_subset,789,0.7,simple_condition_only,48,21,27,0.6666666666666666,0.2962962962962963,1.0,0.7037037037037037,Physical_appearance,5834
loco_uncertain_subset,789,0.7,hybrid_uncertain_signal_fallback,48,21,27,0.42857142857142855,0.6296296296296297,0.8333333333333333,0.37037037037037035,Physical_appearance,5834
loco_uncertain_subset,789,0.7,seven_signal_moe_predicted,48,21,27,0.6666666666666666,0.2962962962962963,1.0,0.7037037037037037,Physical_appearance,5834
loco_uncertain_subset,789,0.8,simple_condition_only,74,31,43,0.5806451612903226,0.3023255813953488,1.0,0.6744186046511628,Physical_appearance,5834
loco_uncertain_subset,789,0.8,hybrid_uncertain_signal_fallback,74,31,43,0.41935483870967744,0.5116279069767442,0.8888888888888888,0.46511627906976744,Physical_appearance,5834
loco_uncertain_subset,789,0.8,seven_signal_moe_predicted,74,31,43,0.5806451612903226,0.3023255813953488,1.0,0.6744186046511628,Physical_appearance,5834
loco_uncertain_subset,789,0.9,simple_condition_only,106,43,63,0.627906976744186,0.30158730158730157,1.0,0.6349206349206349,Physical_appearance,5834
loco_uncertain_subset,789,0.9,hybrid_uncertain_signal_fallback,106,43,63,0.5116279069767442,0.4444444444444444,0.9047619047619047,0.49206349206349204,Physical_appearance,5834
loco_uncertain_subset,789,0.9,seven_signal_moe_predicted,106,43,63,0.627906976744186,0.30158730158730157,1.0,0.6349206349206349,Physical_appearance,5834
loco_uncertain_subset,789,0.55,simple_condition_only,8,8,0,1.0,0.0,,0.0,Race_ethnicity,6843
loco_uncertain_subset,789,0.55,hybrid_uncertain_signal_fallback,8,8,0,0.875,0.0,-1.0,0.0,Race_ethnicity,6843
loco_uncertain_subset,789,0.55,seven_signal_moe_predicted,8,8,0,1.0,0.0,,0.0,Race_ethnicity,6843
loco_uncertain_subset,789,0.6,simple_condition_only,20,17,3,0.9411764705882353,0.6666666666666666,1.0,0.3333333333333333,Race_ethnicity,6843
loco_uncertain_subset,789,0.6,hybrid_uncertain_signal_fallback,20,17,3,0.8823529411764706,0.6666666666666666,0.0,0.3333333333333333,Race_ethnicity,6843
loco_uncertain_subset,789,0.6,seven_signal_moe_predicted,20,17,3,0.9411764705882353,0.6666666666666666,1.0,0.3333333333333333,Race_ethnicity,6843
loco_uncertain_subset,789,0.7,simple_condition_only,36,29,7,0.8620689655172413,0.2857142857142857,0.0,0.5714285714285714,Race_ethnicity,6843
loco_uncertain_subset,789,0.7,hybrid_uncertain_signal_fallback,36,29,7,0.8275862068965517,0.2857142857142857,-0.19999999999999996,0.5714285714285714,Race_ethnicity,6843
loco_uncertain_subset,789,0.7,seven_signal_moe_predicted,36,29,7,0.8620689655172413,0.2857142857142857,0.0,0.5714285714285714,Race_ethnicity,6843
loco_uncertain_subset,789,0.8,simple_condition_only,59,50,9,0.9,0.3333333333333333,-0.19999999999999996,0.5555555555555556,Race_ethnicity,6843
loco_uncertain_subset,789,0.8,hybrid_uncertain_signal_fallback,59,50,9,0.88,0.3333333333333333,-0.33333333333333337,0.5555555555555556,Race_ethnicity,6843
loco_uncertain_subset,789,0.8,seven_signal_moe_predicted,59,50,9,0.9,0.3333333333333333,-0.19999999999999996,0.5555555555555556,Race_ethnicity,6843
loco_uncertain_subset,789,0.9,simple_condition_only,94,74,20,0.9054054054054054,0.6,-0.4285714285714286,0.3,Race_ethnicity,6843
loco_uncertain_subset,789,0.9,hybrid_uncertain_signal_fallback,94,74,20,0.8918918918918919,0.6,-0.5,0.3,Race_ethnicity,6843
loco_uncertain_subset,789,0.9,seven_signal_moe_predicted,94,74,20,0.9054054054054054,0.6,-0.4285714285714286,0.3,Race_ethnicity,6843
loco_uncertain_subset,789,0.55,simple_condition_only,14,5,9,0.6,0.2222222222222222,0.0,0.6666666666666666,Religion,7852
loco_uncertain_subset,789,0.55,hybrid_uncertain_signal_fallback,14,5,9,0.8,0.3333333333333333,-1.0,0.5555555555555556,Religion,7852
loco_uncertain_subset,789,0.55,seven_signal_moe_predicted,14,5,9,0.6,0.3333333333333333,0.0,0.5555555555555556,Religion,7852
loco_uncertain_subset,789,0.6,simple_condition_only,21,8,13,0.625,0.3076923076923077,0.33333333333333326,0.6153846153846154,Religion,7852
loco_uncertain_subset,789,0.6,hybrid_uncertain_signal_fallback,21,8,13,0.75,0.38461538461538464,0.0,0.5384615384615384,Religion,7852
loco_uncertain_subset,789,0.6,seven_signal_moe_predicted,21,8,13,0.625,0.38461538461538464,0.33333333333333326,0.5384615384615384,Religion,7852
loco_uncertain_subset,789,0.7,simple_condition_only,40,18,22,0.8333333333333334,0.36363636363636365,0.33333333333333326,0.5909090909090909,Religion,7852
loco_uncertain_subset,789,0.7,hybrid_uncertain_signal_fallback,40,18,22,0.8888888888888888,0.4090909090909091,0.0,0.5454545454545454,Religion,7852
loco_uncertain_subset,789,0.7,seven_signal_moe_predicted,40,18,22,0.8333333333333334,0.45454545454545453,0.33333333333333326,0.5,Religion,7852
loco_uncertain_subset,789,0.8,simple_condition_only,64,27,37,0.8888888888888888,0.35135135135135137,0.33333333333333326,0.5675675675675675,Religion,7852
loco_uncertain_subset,789,0.8,hybrid_uncertain_signal_fallback,64,27,37,0.9259259259259259,0.3783783783783784,0.0,0.5405405405405406,Religion,7852
loco_uncertain_subset,789,0.8,seven_signal_moe_predicted,64,27,37,0.8888888888888888,0.40540540540540543,0.33333333333333326,0.5135135135135135,Religion,7852
loco_uncertain_subset,789,0.9,simple_condition_only,88,36,52,0.8611111111111112,0.3269230769230769,-0.19999999999999996,0.5769230769230769,Religion,7852
loco_uncertain_subset,789,0.9,hybrid_uncertain_signal_fallback,88,36,52,0.8888888888888888,0.34615384615384615,-0.5,0.5576923076923077,Religion,7852
loco_uncertain_subset,789,0.9,seven_signal_moe_predicted,88,36,52,0.8611111111111112,0.36538461538461536,-0.19999999999999996,0.5384615384615384,Religion,7852
loco_uncertain_subset,789,0.55,simple_condition_only,7,1,6,0.0,0.5,1.0,0.5,SES,8861
loco_uncertain_subset,789,0.55,hybrid_uncertain_signal_fallback,7,1,6,0.0,1.0,1.0,0.0,SES,8861
loco_uncertain_subset,789,0.55,seven_signal_moe_predicted,7,1,6,0.0,0.5,1.0,0.5,SES,8861
loco_uncertain_subset,789,0.6,simple_condition_only,12,2,10,0.5,0.5,1.0,0.5,SES,8861
loco_uncertain_subset,789,0.6,hybrid_uncertain_signal_fallback,12,2,10,0.5,1.0,1.0,0.0,SES,8861
loco_uncertain_subset,789,0.6,seven_signal_moe_predicted,12,2,10,0.5,0.5,1.0,0.5,SES,8861
loco_uncertain_subset,789,0.7,simple_condition_only,20,6,14,0.8333333333333334,0.5,1.0,0.5,SES,8861
loco_uncertain_subset,789,0.7,hybrid_uncertain_signal_fallback,20,6,14,0.5,0.9285714285714286,1.0,0.07142857142857142,SES,8861
loco_uncertain_subset,789,0.7,seven_signal_moe_predicted,20,6,14,0.8333333333333334,0.5,1.0,0.5,SES,8861
loco_uncertain_subset,789,0.8,simple_condition_only,28,7,21,0.8571428571428571,0.5238095238095238,1.0,0.42857142857142855,SES,8861
loco_uncertain_subset,789,0.8,hybrid_uncertain_signal_fallback,28,7,21,0.5714285714285714,0.8095238095238095,1.0,0.14285714285714285,SES,8861
loco_uncertain_subset,789,0.8,seven_signal_moe_predicted,28,7,21,0.8571428571428571,0.5238095238095238,1.0,0.42857142857142855,SES,8861
loco_uncertain_subset,789,0.9,simple_condition_only,50,17,33,0.8823529411764706,0.6060606060606061,1.0,0.36363636363636365,SES,8861
loco_uncertain_subset,789,0.9,hybrid_uncertain_signal_fallback,50,17,33,0.7647058823529411,0.7878787878787878,1.0,0.18181818181818182,SES,8861
loco_uncertain_subset,789,0.9,seven_signal_moe_predicted,50,17,33,0.8823529411764706,0.6060606060606061,1.0,0.36363636363636365,SES,8861
loco_uncertain_subset,789,0.55,simple_condition_only,5,5,0,1.0,0.0,,0.0,Sexual_orientation,9870
loco_uncertain_subset,789,0.55,hybrid_uncertain_signal_fallback,5,5,0,1.0,0.0,,0.0,Sexual_orientation,9870
loco_uncertain_subset,789,0.55,seven_signal_moe_predicted,5,5,0,1.0,0.0,,0.0,Sexual_orientation,9870
loco_uncertain_subset,789,0.6,simple_condition_only,13,12,1,0.8333333333333334,1.0,1.0,0.0,Sexual_orientation,9870
loco_uncertain_subset,789,0.6,hybrid_uncertain_signal_fallback,13,12,1,0.8333333333333334,1.0,1.0,0.0,Sexual_orientation,9870
loco_uncertain_subset,789,0.6,seven_signal_moe_predicted,13,12,1,0.8333333333333334,1.0,1.0,0.0,Sexual_orientation,9870
loco_uncertain_subset,789,0.7,simple_condition_only,27,23,4,0.8695652173913043,0.25,1.0,0.75,Sexual_orientation,9870
loco_uncertain_subset,789,0.7,hybrid_uncertain_signal_fallback,27,23,4,0.8695652173913043,0.25,1.0,0.75,Sexual_orientation,9870
loco_uncertain_subset,789,0.7,seven_signal_moe_predicted,27,23,4,0.8695652173913043,0.25,1.0,0.75,Sexual_orientation,9870
loco_uncertain_subset,789,0.8,simple_condition_only,44,36,8,0.9166666666666666,0.125,1.0,0.875,Sexual_orientation,9870
loco_uncertain_subset,789,0.8,hybrid_uncertain_signal_fallback,44,36,8,0.9166666666666666,0.125,1.0,0.875,Sexual_orientation,9870
loco_uncertain_subset,789,0.8,seven_signal_moe_predicted,44,36,8,0.9166666666666666,0.125,1.0,0.875,Sexual_orientation,9870
loco_uncertain_subset,789,0.9,simple_condition_only,66,53,13,0.9245283018867925,0.46153846153846156,1.0,0.5384615384615384,Sexual_orientation,9870
loco_uncertain_subset,789,0.9,hybrid_uncertain_signal_fallback,66,53,13,0.9245283018867925,0.46153846153846156,1.0,0.5384615384615384,Sexual_orientation,9870
loco_uncertain_subset,789,0.9,seven_signal_moe_predicted,66,53,13,0.9245283018867925,0.46153846153846156,1.0,0.5384615384615384,Sexual_orientation,9870
loco_uncertain_subset,999,0.55,simple_condition_only,10,0,10,0.0,0.1,,0.6,Age,2008
loco_uncertain_subset,999,0.55,hybrid_uncertain_signal_fallback,10,0,10,0.0,0.1,,0.6,Age,2008
loco_uncertain_subset,999,0.55,seven_signal_moe_predicted,10,0,10,0.0,0.1,,0.6,Age,2008
loco_uncertain_subset,999,0.6,simple_condition_only,20,3,17,0.0,0.17647058823529413,-0.33333333333333337,0.5882352941176471,Age,2008
loco_uncertain_subset,999,0.6,hybrid_uncertain_signal_fallback,20,3,17,0.0,0.17647058823529413,-0.33333333333333337,0.5882352941176471,Age,2008
loco_uncertain_subset,999,0.6,seven_signal_moe_predicted,20,3,17,0.0,0.17647058823529413,-0.33333333333333337,0.5882352941176471,Age,2008
loco_uncertain_subset,999,0.7,simple_condition_only,44,10,34,0.6,0.35294117647058826,-0.5,0.5294117647058824,Age,2008
loco_uncertain_subset,999,0.7,hybrid_uncertain_signal_fallback,44,10,34,0.6,0.35294117647058826,-0.5,0.5294117647058824,Age,2008
loco_uncertain_subset,999,0.7,seven_signal_moe_predicted,44,10,34,0.6,0.35294117647058826,-0.5,0.5294117647058824,Age,2008
loco_uncertain_subset,999,0.8,simple_condition_only,67,14,53,0.6428571428571429,0.4339622641509434,-0.19999999999999996,0.4716981132075472,Age,2008
loco_uncertain_subset,999,0.8,hybrid_uncertain_signal_fallback,67,14,53,0.6428571428571429,0.4339622641509434,-0.19999999999999996,0.4716981132075472,Age,2008
loco_uncertain_subset,999,0.8,seven_signal_moe_predicted,67,14,53,0.6428571428571429,0.4339622641509434,-0.19999999999999996,0.4716981132075472,Age,2008
loco_uncertain_subset,999,0.9,simple_condition_only,94,23,71,0.6521739130434783,0.4647887323943662,0.0,0.4507042253521127,Age,2008
loco_uncertain_subset,999,0.9,hybrid_uncertain_signal_fallback,94,23,71,0.6521739130434783,0.4647887323943662,0.0,0.4507042253521127,Age,2008
loco_uncertain_subset,999,0.9,seven_signal_moe_predicted,94,23,71,0.6521739130434783,0.4647887323943662,0.0,0.4507042253521127,Age,2008
loco_uncertain_subset,999,0.55,simple_condition_only,12,0,12,0.0,0.25,,0.6666666666666666,Disability_status,3017
loco_uncertain_subset,999,0.55,hybrid_uncertain_signal_fallback,12,0,12,0.0,0.25,,0.6666666666666666,Disability_status,3017
loco_uncertain_subset,999,0.55,seven_signal_moe_predicted,12,0,12,0.0,0.25,,0.6666666666666666,Disability_status,3017
loco_uncertain_subset,999,0.6,simple_condition_only,25,0,25,0.0,0.24,,0.68,Disability_status,3017
loco_uncertain_subset,999,0.6,hybrid_uncertain_signal_fallback,25,0,25,0.0,0.24,,0.68,Disability_status,3017
loco_uncertain_subset,999,0.6,seven_signal_moe_predicted,25,0,25,0.0,0.24,,0.68,Disability_status,3017
loco_uncertain_subset,999,0.7,simple_condition_only,58,0,58,0.0,0.4482758620689655,,0.5,Disability_status,3017
loco_uncertain_subset,999,0.7,hybrid_uncertain_signal_fallback,58,0,58,0.0,0.4482758620689655,,0.5,Disability_status,3017
loco_uncertain_subset,999,0.7,seven_signal_moe_predicted,58,0,58,0.0,0.4482758620689655,,0.5,Disability_status,3017
loco_uncertain_subset,999,0.8,simple_condition_only,85,0,85,0.0,0.5294117647058824,,0.4235294117647059,Disability_status,3017
loco_uncertain_subset,999,0.8,hybrid_uncertain_signal_fallback,85,0,85,0.0,0.5294117647058824,,0.4235294117647059,Disability_status,3017
loco_uncertain_subset,999,0.8,seven_signal_moe_predicted,85,0,85,0.0,0.5294117647058824,,0.4235294117647059,Disability_status,3017
loco_uncertain_subset,999,0.9,simple_condition_only,126,0,126,0.0,0.5476190476190477,,0.3888888888888889,Disability_status,3017
loco_uncertain_subset,999,0.9,hybrid_uncertain_signal_fallback,126,0,126,0.0,0.5476190476190477,,0.3888888888888889,Disability_status,3017
loco_uncertain_subset,999,0.9,seven_signal_moe_predicted,126,0,126,0.0,0.5476190476190477,,0.3888888888888889,Disability_status,3017
loco_uncertain_subset,999,0.55,simple_condition_only,4,1,3,1.0,0.6666666666666666,,0.3333333333333333,Gender_identity,4026
loco_uncertain_subset,999,0.55,hybrid_uncertain_signal_fallback,4,1,3,1.0,0.6666666666666666,,0.3333333333333333,Gender_identity,4026
loco_uncertain_subset,999,0.55,seven_signal_moe_predicted,4,1,3,1.0,0.6666666666666666,,0.3333333333333333,Gender_identity,4026
loco_uncertain_subset,999,0.6,simple_condition_only,15,5,10,0.8,0.7,1.0,0.3,Gender_identity,4026
loco_uncertain_subset,999,0.6,hybrid_uncertain_signal_fallback,15,5,10,0.8,0.7,1.0,0.3,Gender_identity,4026
loco_uncertain_subset,999,0.6,seven_signal_moe_predicted,15,5,10,0.8,0.7,1.0,0.3,Gender_identity,4026
loco_uncertain_subset,999,0.7,simple_condition_only,31,10,21,0.8,0.47619047619047616,1.0,0.5238095238095238,Gender_identity,4026
loco_uncertain_subset,999,0.7,hybrid_uncertain_signal_fallback,31,10,21,0.8,0.47619047619047616,1.0,0.5238095238095238,Gender_identity,4026
loco_uncertain_subset,999,0.7,seven_signal_moe_predicted,31,10,21,0.8,0.5714285714285714,1.0,0.42857142857142855,Gender_identity,4026
loco_uncertain_subset,999,0.8,simple_condition_only,46,16,30,0.875,0.36666666666666664,1.0,0.6333333333333333,Gender_identity,4026
loco_uncertain_subset,999,0.8,hybrid_uncertain_signal_fallback,46,16,30,0.875,0.36666666666666664,1.0,0.6333333333333333,Gender_identity,4026
loco_uncertain_subset,999,0.8,seven_signal_moe_predicted,46,16,30,0.875,0.5,1.0,0.4666666666666667,Gender_identity,4026
loco_uncertain_subset,999,0.9,simple_condition_only,71,28,43,0.8928571428571429,0.4418604651162791,1.0,0.5581395348837209,Gender_identity,4026
loco_uncertain_subset,999,0.9,hybrid_uncertain_signal_fallback,71,28,43,0.8928571428571429,0.4418604651162791,1.0,0.5581395348837209,Gender_identity,4026
loco_uncertain_subset,999,0.9,seven_signal_moe_predicted,71,28,43,0.8928571428571429,0.5581395348837209,1.0,0.4186046511627907,Gender_identity,4026
loco_uncertain_subset,999,0.55,simple_condition_only,6,3,3,1.0,0.3333333333333333,,0.3333333333333333,Nationality,5035
loco_uncertain_subset,999,0.55,hybrid_uncertain_signal_fallback,6,3,3,1.0,0.3333333333333333,,0.3333333333333333,Nationality,5035
loco_uncertain_subset,999,0.55,seven_signal_moe_predicted,6,3,3,1.0,0.3333333333333333,,0.3333333333333333,Nationality,5035
loco_uncertain_subset,999,0.6,simple_condition_only,19,10,9,0.8,0.3333333333333333,1.0,0.5555555555555556,Nationality,5035
loco_uncertain_subset,999,0.6,hybrid_uncertain_signal_fallback,19,10,9,0.8,0.3333333333333333,1.0,0.5555555555555556,Nationality,5035
loco_uncertain_subset,999,0.6,seven_signal_moe_predicted,19,10,9,0.8,0.3333333333333333,1.0,0.5555555555555556,Nationality,5035
loco_uncertain_subset,999,0.7,simple_condition_only,36,17,19,0.7647058823529411,0.5263157894736842,0.5,0.42105263157894735,Nationality,5035
loco_uncertain_subset,999,0.7,hybrid_uncertain_signal_fallback,36,17,19,0.7647058823529411,0.5263157894736842,0.5,0.42105263157894735,Nationality,5035
loco_uncertain_subset,999,0.7,seven_signal_moe_predicted,36,17,19,0.7647058823529411,0.5263157894736842,0.5,0.42105263157894735,Nationality,5035
loco_uncertain_subset,999,0.8,simple_condition_only,58,29,29,0.7241379310344828,0.5517241379310345,0.25,0.41379310344827586,Nationality,5035
loco_uncertain_subset,999,0.8,hybrid_uncertain_signal_fallback,58,29,29,0.7241379310344828,0.5517241379310345,0.25,0.41379310344827586,Nationality,5035
loco_uncertain_subset,999,0.8,seven_signal_moe_predicted,58,29,29,0.7241379310344828,0.5517241379310345,0.25,0.41379310344827586,Nationality,5035
loco_uncertain_subset,999,0.9,simple_condition_only,92,47,45,0.6382978723404256,0.5555555555555556,0.17647058823529416,0.4,Nationality,5035
loco_uncertain_subset,999,0.9,hybrid_uncertain_signal_fallback,92,47,45,0.6382978723404256,0.5555555555555556,0.17647058823529416,0.4,Nationality,5035
loco_uncertain_subset,999,0.9,seven_signal_moe_predicted,92,47,45,0.6382978723404256,0.5555555555555556,0.17647058823529416,0.4,Nationality,5035
loco_uncertain_subset,999,0.55,simple_condition_only,8,3,5,1.0,0.4,,0.6,Physical_appearance,6044
loco_uncertain_subset,999,0.55,hybrid_uncertain_signal_fallback,8,3,5,0.3333333333333333,1.0,1.0,0.0,Physical_appearance,6044
loco_uncertain_subset,999,0.55,seven_signal_moe_predicted,8,3,5,1.0,0.4,,0.6,Physical_appearance,6044
loco_uncertain_subset,999,0.6,simple_condition_only,15,8,7,0.75,0.42857142857142855,1.0,0.5714285714285714,Physical_appearance,6044
loco_uncertain_subset,999,0.6,hybrid_uncertain_signal_fallback,15,8,7,0.5,0.8571428571428571,1.0,0.14285714285714285,Physical_appearance,6044
loco_uncertain_subset,999,0.6,seven_signal_moe_predicted,15,8,7,0.75,0.42857142857142855,1.0,0.5714285714285714,Physical_appearance,6044
loco_uncertain_subset,999,0.7,simple_condition_only,39,22,17,0.6818181818181818,0.35294117647058826,0.7142857142857142,0.6470588235294118,Physical_appearance,6044
loco_uncertain_subset,999,0.7,hybrid_uncertain_signal_fallback,39,22,17,0.5909090909090909,0.5294117647058824,0.7777777777777777,0.47058823529411764,Physical_appearance,6044
loco_uncertain_subset,999,0.7,seven_signal_moe_predicted,39,22,17,0.6818181818181818,0.35294117647058826,0.7142857142857142,0.6470588235294118,Physical_appearance,6044
loco_uncertain_subset,999,0.8,simple_condition_only,65,30,35,0.7,0.45714285714285713,0.7777777777777777,0.5142857142857142,Physical_appearance,6044
loco_uncertain_subset,999,0.8,hybrid_uncertain_signal_fallback,65,30,35,0.6333333333333333,0.5428571428571428,0.8181818181818181,0.42857142857142855,Physical_appearance,6044
loco_uncertain_subset,999,0.8,seven_signal_moe_predicted,65,30,35,0.7,0.45714285714285713,0.7777777777777777,0.5142857142857142,Physical_appearance,6044
loco_uncertain_subset,999,0.9,simple_condition_only,110,43,67,0.6976744186046512,0.44776119402985076,0.8461538461538463,0.4925373134328358,Physical_appearance,6044
loco_uncertain_subset,999,0.9,hybrid_uncertain_signal_fallback,110,43,67,0.6511627906976745,0.4925373134328358,0.8666666666666667,0.44776119402985076,Physical_appearance,6044
loco_uncertain_subset,999,0.9,seven_signal_moe_predicted,110,43,67,0.6976744186046512,0.44776119402985076,0.8461538461538463,0.4925373134328358,Physical_appearance,6044
loco_uncertain_subset,999,0.55,simple_condition_only,11,9,2,0.8888888888888888,0.5,-1.0,0.5,Race_ethnicity,7053
loco_uncertain_subset,999,0.55,hybrid_uncertain_signal_fallback,11,9,2,0.8888888888888888,0.5,-1.0,0.5,Race_ethnicity,7053
loco_uncertain_subset,999,0.55,seven_signal_moe_predicted,11,9,2,0.8888888888888888,0.5,-1.0,0.5,Race_ethnicity,7053
loco_uncertain_subset,999,0.6,simple_condition_only,20,17,3,0.7647058823529411,0.3333333333333333,0.0,0.6666666666666666,Race_ethnicity,7053
loco_uncertain_subset,999,0.6,hybrid_uncertain_signal_fallback,20,17,3,0.7647058823529411,0.3333333333333333,0.0,0.6666666666666666,Race_ethnicity,7053
loco_uncertain_subset,999,0.6,seven_signal_moe_predicted,20,17,3,0.7647058823529411,0.3333333333333333,0.0,0.6666666666666666,Race_ethnicity,7053
loco_uncertain_subset,999,0.7,simple_condition_only,37,30,7,0.8333333333333334,0.42857142857142855,-0.19999999999999996,0.42857142857142855,Race_ethnicity,7053
loco_uncertain_subset,999,0.7,hybrid_uncertain_signal_fallback,37,30,7,0.8333333333333334,0.42857142857142855,-0.19999999999999996,0.42857142857142855,Race_ethnicity,7053
loco_uncertain_subset,999,0.7,seven_signal_moe_predicted,37,30,7,0.8333333333333334,0.42857142857142855,-0.19999999999999996,0.42857142857142855,Race_ethnicity,7053
loco_uncertain_subset,999,0.8,simple_condition_only,61,46,15,0.8695652173913043,0.6,0.0,0.26666666666666666,Race_ethnicity,7053
loco_uncertain_subset,999,0.8,hybrid_uncertain_signal_fallback,61,46,15,0.8695652173913043,0.6,0.0,0.26666666666666666,Race_ethnicity,7053
loco_uncertain_subset,999,0.8,seven_signal_moe_predicted,61,46,15,0.8695652173913043,0.6,0.0,0.26666666666666666,Race_ethnicity,7053
loco_uncertain_subset,999,0.9,simple_condition_only,100,71,29,0.8873239436619719,0.7586206896551724,0.0,0.1724137931034483,Race_ethnicity,7053
loco_uncertain_subset,999,0.9,hybrid_uncertain_signal_fallback,100,71,29,0.8873239436619719,0.7586206896551724,0.0,0.1724137931034483,Race_ethnicity,7053
loco_uncertain_subset,999,0.9,seven_signal_moe_predicted,100,71,29,0.8873239436619719,0.7586206896551724,0.0,0.1724137931034483,Race_ethnicity,7053
loco_uncertain_subset,999,0.55,simple_condition_only,6,2,4,1.0,0.25,,0.75,Religion,8062
loco_uncertain_subset,999,0.55,hybrid_uncertain_signal_fallback,6,2,4,1.0,0.75,,0.0,Religion,8062
loco_uncertain_subset,999,0.55,seven_signal_moe_predicted,6,2,4,1.0,0.5,,0.5,Religion,8062
loco_uncertain_subset,999,0.6,simple_condition_only,20,10,10,1.0,0.3,,0.6,Religion,8062
loco_uncertain_subset,999,0.6,hybrid_uncertain_signal_fallback,20,10,10,0.9,0.6,1.0,0.2,Religion,8062
loco_uncertain_subset,999,0.6,seven_signal_moe_predicted,20,10,10,1.0,0.5,,0.4,Religion,8062
loco_uncertain_subset,999,0.7,simple_condition_only,37,19,18,0.8947368421052632,0.3333333333333333,0.0,0.6111111111111112,Religion,8062
loco_uncertain_subset,999,0.7,hybrid_uncertain_signal_fallback,37,19,18,0.8947368421052632,0.5,0.0,0.3333333333333333,Religion,8062
loco_uncertain_subset,999,0.7,seven_signal_moe_predicted,37,19,18,0.8947368421052632,0.4444444444444444,0.0,0.5,Religion,8062
loco_uncertain_subset,999,0.8,simple_condition_only,59,25,34,0.88,0.47058823529411764,0.33333333333333326,0.4411764705882353,Religion,8062
loco_uncertain_subset,999,0.8,hybrid_uncertain_signal_fallback,59,25,34,0.84,0.5588235294117647,0.5,0.29411764705882354,Religion,8062
loco_uncertain_subset,999,0.8,seven_signal_moe_predicted,59,25,34,0.88,0.5294117647058824,0.33333333333333326,0.38235294117647056,Religion,8062
loco_uncertain_subset,999,0.9,simple_condition_only,83,34,49,0.9117647058823529,0.42857142857142855,0.33333333333333326,0.46938775510204084,Religion,8062
loco_uncertain_subset,999,0.9,hybrid_uncertain_signal_fallback,83,34,49,0.8823529411764706,0.5102040816326531,0.5,0.3469387755102041,Religion,8062
loco_uncertain_subset,999,0.9,seven_signal_moe_predicted,83,34,49,0.9117647058823529,0.46938775510204084,0.33333333333333326,0.42857142857142855,Religion,8062
loco_uncertain_subset,999,0.55,simple_condition_only,3,0,3,0.0,0.3333333333333333,,0.6666666666666666,SES,9071
loco_uncertain_subset,999,0.55,hybrid_uncertain_signal_fallback,3,0,3,0.0,0.3333333333333333,,0.6666666666666666,SES,9071
loco_uncertain_subset,999,0.55,seven_signal_moe_predicted,3,0,3,0.0,0.3333333333333333,,0.6666666666666666,SES,9071
loco_uncertain_subset,999,0.6,simple_condition_only,8,2,6,1.0,0.16666666666666666,,0.8333333333333334,SES,9071
loco_uncertain_subset,999,0.6,hybrid_uncertain_signal_fallback,8,2,6,1.0,0.16666666666666666,,0.8333333333333334,SES,9071
loco_uncertain_subset,999,0.6,seven_signal_moe_predicted,8,2,6,1.0,0.3333333333333333,,0.6666666666666666,SES,9071
loco_uncertain_subset,999,0.7,simple_condition_only,20,8,12,0.625,0.4166666666666667,1.0,0.5833333333333334,SES,9071
loco_uncertain_subset,999,0.7,hybrid_uncertain_signal_fallback,20,8,12,0.625,0.4166666666666667,1.0,0.5833333333333334,SES,9071
loco_uncertain_subset,999,0.7,seven_signal_moe_predicted,20,8,12,0.625,0.5833333333333334,1.0,0.4166666666666667,SES,9071
loco_uncertain_subset,999,0.8,simple_condition_only,40,20,20,0.85,0.5,1.0,0.5,SES,9071
loco_uncertain_subset,999,0.8,hybrid_uncertain_signal_fallback,40,20,20,0.85,0.5,1.0,0.5,SES,9071
loco_uncertain_subset,999,0.8,seven_signal_moe_predicted,40,20,20,0.85,0.7,1.0,0.3,SES,9071
loco_uncertain_subset,999,0.9,simple_condition_only,64,31,33,0.8709677419354839,0.6363636363636364,1.0,0.36363636363636365,SES,9071
loco_uncertain_subset,999,0.9,hybrid_uncertain_signal_fallback,64,31,33,0.8709677419354839,0.6363636363636364,1.0,0.36363636363636365,SES,9071
loco_uncertain_subset,999,0.9,seven_signal_moe_predicted,64,31,33,0.8709677419354839,0.7878787878787878,1.0,0.21212121212121213,SES,9071
loco_uncertain_subset,999,0.55,simple_condition_only,6,5,1,0.8,0.0,1.0,1.0,Sexual_orientation,10080
loco_uncertain_subset,999,0.55,hybrid_uncertain_signal_fallback,6,5,1,0.8,0.0,1.0,1.0,Sexual_orientation,10080
loco_uncertain_subset,999,0.55,seven_signal_moe_predicted,6,5,1,0.8,0.0,1.0,1.0,Sexual_orientation,10080
loco_uncertain_subset,999,0.6,simple_condition_only,12,7,5,0.8571428571428571,0.2,1.0,0.8,Sexual_orientation,10080
loco_uncertain_subset,999,0.6,hybrid_uncertain_signal_fallback,12,7,5,0.8571428571428571,0.2,1.0,0.8,Sexual_orientation,10080
loco_uncertain_subset,999,0.6,seven_signal_moe_predicted,12,7,5,0.8571428571428571,0.2,1.0,0.8,Sexual_orientation,10080
loco_uncertain_subset,999,0.7,simple_condition_only,26,19,7,0.8421052631578947,0.14285714285714285,1.0,0.8571428571428571,Sexual_orientation,10080
loco_uncertain_subset,999,0.7,hybrid_uncertain_signal_fallback,26,19,7,0.8421052631578947,0.14285714285714285,1.0,0.8571428571428571,Sexual_orientation,10080
loco_uncertain_subset,999,0.7,seven_signal_moe_predicted,26,19,7,0.8421052631578947,0.14285714285714285,1.0,0.8571428571428571,Sexual_orientation,10080
loco_uncertain_subset,999,0.8,simple_condition_only,40,32,8,0.90625,0.25,1.0,0.75,Sexual_orientation,10080
loco_uncertain_subset,999,0.8,hybrid_uncertain_signal_fallback,40,32,8,0.90625,0.25,1.0,0.75,Sexual_orientation,10080
loco_uncertain_subset,999,0.8,seven_signal_moe_predicted,40,32,8,0.90625,0.25,1.0,0.75,Sexual_orientation,10080
loco_uncertain_subset,999,0.9,simple_condition_only,68,53,15,0.9245283018867925,0.3333333333333333,1.0,0.6,Sexual_orientation,10080
loco_uncertain_subset,999,0.9,hybrid_uncertain_signal_fallback,68,53,15,0.9245283018867925,0.3333333333333333,1.0,0.6,Sexual_orientation,10080
loco_uncertain_subset,999,0.9,seven_signal_moe_predicted,68,53,15,0.9245283018867925,0.3333333333333333,1.0,0.6,Sexual_orientation,10080
