seed,tau_amb,tau_dis,split,score,n_total,accuracy_amb,accuracy_dis,bias_score_amb,bias_abs_amb,false_abstention_rate
42,0.95,0.0,val,0.9450301204819277,1328,0.9969879518072289,0.8930722891566265,0.0,0.0,0.05572289156626506
42,0.95,0.0,test,0.9382530120481928,1328,0.9984939759036144,0.8780120481927711,-1.0,1.0,0.0783132530120482
42,0.95,0.01,val,0.9442771084337349,1328,0.9969879518072289,0.891566265060241,0.0,0.0,0.0572289156626506
42,0.95,0.01,test,0.9382530120481928,1328,0.9984939759036144,0.8780120481927711,-1.0,1.0,0.07981927710843373
42,0.95,0.02,val,0.9435240963855421,1328,0.9969879518072289,0.8900602409638554,0.0,0.0,0.058734939759036146
42,0.95,0.02,test,0.9382530120481928,1328,0.9984939759036144,0.8780120481927711,-1.0,1.0,0.08132530120481928
42,0.95,0.03,val,0.9435240963855421,1328,0.9969879518072289,0.8900602409638554,0.0,0.0,0.06325301204819277
42,0.95,0.03,test,0.9367469879518072,1328,0.9984939759036144,0.875,-1.0,1.0,0.0858433734939759
42,0.95,0.04,val,0.9427710843373494,1328,0.9969879518072289,0.8885542168674698,0.0,0.0,0.06626506024096386
42,0.95,0.04,test,0.9359939759036144,1328,0.9984939759036144,0.8734939759036144,-1.0,1.0,0.08734939759036145
42,0.95,0.05,val,0.9420180722891567,1328,0.9969879518072289,0.8870481927710844,0.0,0.0,0.0677710843373494
42,0.95,0.05,test,0.9344879518072289,1328,0.9984939759036144,0.8704819277108434,-1.0,1.0,0.09337349397590361
42,0.95,0.06,val,0.9420180722891567,1328,0.9969879518072289,0.8870481927710844,0.0,0.0,0.06927710843373494
42,0.95,0.06,test,0.9329819277108433,1328,0.9984939759036144,0.8674698795180723,-1.0,1.0,0.0963855421686747
42,0.95,0.07,val,0.9420180722891567,1328,0.9969879518072289,0.8870481927710844,0.0,0.0,0.07228915662650602
42,0.95,0.07,test,0.9322289156626506,1328,0.9984939759036144,0.8659638554216867,-1.0,1.0,0.09939759036144578
42,0.95,0.08,val,0.9397590361445782,1328,0.9969879518072289,0.8825301204819277,0.0,0.0,0.07680722891566265
42,0.95,0.08,test,0.9314759036144578,1328,0.9984939759036144,0.8644578313253012,-1.0,1.0,0.10391566265060241
42,0.95,0.09,val,0.9397590361445782,1328,0.9969879518072289,0.8825301204819277,0.0,0.0,0.0783132530120482
42,0.95,0.09,test,0.9314759036144578,1328,0.9984939759036144,0.8644578313253012,-1.0,1.0,0.10391566265060241
42,0.95,0.1,val,0.9397590361445782,1328,0.9969879518072289,0.8825301204819277,0.0,0.0,0.0783132530120482
42,0.95,0.1,test,0.9307228915662651,1328,0.9984939759036144,0.8629518072289156,-1.0,1.0,0.10542168674698796
123,0.925,0.0,val,0.9405120481927711,1328,0.9984939759036144,0.8825301204819277,1.0,1.0,0.05271084337349398
123,0.925,0.0,test,0.9412650602409638,1328,1.0,0.8825301204819277,,,0.06475903614457831
123,0.925,0.01,val,0.9397590361445782,1328,0.9984939759036144,0.8810240963855421,1.0,1.0,0.05421686746987952
123,0.925,0.01,test,0.9412650602409638,1328,1.0,0.8825301204819277,,,0.06475903614457831
123,0.925,0.02,val,0.9397590361445782,1328,0.9984939759036144,0.8810240963855421,1.0,1.0,0.05421686746987952
123,0.925,0.02,test,0.9412650602409638,1328,1.0,0.8825301204819277,,,0.06475903614457831
123,0.925,0.03,val,0.9397590361445782,1328,0.9984939759036144,0.8810240963855421,1.0,1.0,0.05421686746987952
123,0.925,0.03,test,0.9412650602409638,1328,1.0,0.8825301204819277,,,0.06475903614457831
123,0.925,0.04,val,0.9397590361445782,1328,0.9984939759036144,0.8810240963855421,1.0,1.0,0.05421686746987952
123,0.925,0.04,test,0.9412650602409638,1328,1.0,0.8825301204819277,,,0.06475903614457831
123,0.925,0.05,val,0.9397590361445782,1328,0.9984939759036144,0.8810240963855421,1.0,1.0,0.05421686746987952
123,0.925,0.05,test,0.9405120481927711,1328,1.0,0.8810240963855421,,,0.06626506024096386
123,0.925,0.06,val,0.9397590361445782,1328,0.9984939759036144,0.8810240963855421,1.0,1.0,0.05421686746987952
123,0.925,0.06,test,0.9405120481927711,1328,1.0,0.8810240963855421,,,0.06626506024096386
123,0.925,0.07,val,0.9382530120481928,1328,0.9984939759036144,0.8780120481927711,1.0,1.0,0.0572289156626506
123,0.925,0.07,test,0.9405120481927711,1328,1.0,0.8810240963855421,,,0.06626506024096386
123,0.925,0.08,val,0.9382530120481928,1328,0.9984939759036144,0.8780120481927711,1.0,1.0,0.0572289156626506
123,0.925,0.08,test,0.9405120481927711,1328,1.0,0.8810240963855421,,,0.0677710843373494
123,0.925,0.09,val,0.9382530120481928,1328,0.9984939759036144,0.8780120481927711,1.0,1.0,0.058734939759036146
123,0.925,0.09,test,0.9405120481927711,1328,1.0,0.8810240963855421,,,0.06927710843373494
123,0.925,0.1,val,0.9382530120481928,1328,0.9984939759036144,0.8780120481927711,1.0,1.0,0.058734939759036146
123,0.925,0.1,test,0.9397590361445782,1328,1.0,0.8795180722891566,,,0.07078313253012049
456,0.925,0.0,val,0.9359939759036144,1328,0.9939759036144579,0.8780120481927711,0.5,0.5,0.058734939759036146
456,0.925,0.0,test,0.9344879518072289,1328,0.9954819277108434,0.8734939759036144,-1.0,1.0,0.0677710843373494
456,0.925,0.01,val,0.9352409638554218,1328,0.9939759036144579,0.8765060240963856,0.5,0.5,0.061746987951807226
456,0.925,0.01,test,0.9344879518072289,1328,0.9954819277108434,0.8734939759036144,-1.0,1.0,0.0677710843373494
456,0.925,0.02,val,0.9352409638554218,1328,0.9939759036144579,0.8765060240963856,0.5,0.5,0.061746987951807226
456,0.925,0.02,test,0.9344879518072289,1328,0.9954819277108434,0.8734939759036144,-1.0,1.0,0.0677710843373494
456,0.925,0.03,val,0.9352409638554218,1328,0.9939759036144579,0.8765060240963856,0.5,0.5,0.06325301204819277
456,0.925,0.03,test,0.9337349397590362,1328,0.9954819277108434,0.8719879518072289,-1.0,1.0,0.06927710843373494
456,0.925,0.04,val,0.9352409638554218,1328,0.9939759036144579,0.8765060240963856,0.5,0.5,0.06475903614457831
456,0.925,0.04,test,0.9337349397590362,1328,0.9954819277108434,0.8719879518072289,-1.0,1.0,0.06927710843373494
456,0.925,0.05,val,0.9352409638554218,1328,0.9939759036144579,0.8765060240963856,0.5,0.5,0.06626506024096386
456,0.925,0.05,test,0.9337349397590362,1328,0.9954819277108434,0.8719879518072289,-1.0,1.0,0.06927710843373494
456,0.925,0.06,val,0.9344879518072289,1328,0.9939759036144579,0.875,0.5,0.5,0.0677710843373494
456,0.925,0.06,test,0.9337349397590362,1328,0.9954819277108434,0.8719879518072289,-1.0,1.0,0.06927710843373494
456,0.925,0.07,val,0.9337349397590362,1328,0.9939759036144579,0.8734939759036144,0.5,0.5,0.06927710843373494
456,0.925,0.07,test,0.9337349397590362,1328,0.9954819277108434,0.8719879518072289,-1.0,1.0,0.07078313253012049
456,0.925,0.08,val,0.9329819277108433,1328,0.9939759036144579,0.8719879518072289,0.5,0.5,0.07078313253012049
456,0.925,0.08,test,0.9337349397590362,1328,0.9954819277108434,0.8719879518072289,-1.0,1.0,0.07078313253012049
456,0.925,0.09,val,0.9329819277108433,1328,0.9939759036144579,0.8719879518072289,0.5,0.5,0.07228915662650602
456,0.925,0.09,test,0.9322289156626506,1328,0.9954819277108434,0.8689759036144579,-1.0,1.0,0.07530120481927711
456,0.925,0.1,val,0.9322289156626506,1328,0.9939759036144579,0.8704819277108434,0.5,0.5,0.07530120481927711
456,0.925,0.1,test,0.9314759036144579,1328,0.9954819277108434,0.8674698795180723,-1.0,1.0,0.07680722891566265
789,0.95,0.0,val,0.9344879518072289,1328,1.0,0.8689759036144579,,,0.07530120481927711
789,0.95,0.0,test,0.9420180722891567,1328,0.9924698795180723,0.891566265060241,1.0,1.0,0.0677710843373494
789,0.95,0.01,val,0.9337349397590362,1328,1.0,0.8674698795180723,,,0.07981927710843373
789,0.95,0.01,test,0.9420180722891567,1328,0.9924698795180723,0.891566265060241,1.0,1.0,0.06927710843373494
789,0.95,0.02,val,0.9329819277108433,1328,1.0,0.8659638554216867,,,0.08132530120481928
789,0.95,0.02,test,0.9420180722891567,1328,0.9924698795180723,0.891566265060241,1.0,1.0,0.07228915662650602
789,0.95,0.03,val,0.9322289156626506,1328,1.0,0.8644578313253012,,,0.08433734939759036
789,0.95,0.03,test,0.9412650602409638,1328,0.9924698795180723,0.8900602409638554,1.0,1.0,0.07379518072289157
789,0.95,0.04,val,0.9322289156626506,1328,1.0,0.8644578313253012,,,0.0858433734939759
789,0.95,0.04,test,0.9397590361445783,1328,0.9924698795180723,0.8870481927710844,1.0,1.0,0.07680722891566265
789,0.95,0.05,val,0.9314759036144578,1328,1.0,0.8629518072289156,,,0.08734939759036145
789,0.95,0.05,test,0.9397590361445783,1328,0.9924698795180723,0.8870481927710844,1.0,1.0,0.07680722891566265
789,0.95,0.06,val,0.9307228915662651,1328,1.0,0.8614457831325302,,,0.09036144578313253
789,0.95,0.06,test,0.9397590361445783,1328,0.9924698795180723,0.8870481927710844,1.0,1.0,0.07680722891566265
789,0.95,0.07,val,0.9292168674698795,1328,1.0,0.858433734939759,,,0.09337349397590361
789,0.95,0.07,test,0.9397590361445783,1328,0.9924698795180723,0.8870481927710844,1.0,1.0,0.07680722891566265
789,0.95,0.08,val,0.9284638554216867,1328,1.0,0.8569277108433735,,,0.0963855421686747
789,0.95,0.08,test,0.9397590361445783,1328,0.9924698795180723,0.8870481927710844,1.0,1.0,0.07680722891566265
789,0.95,0.09,val,0.9284638554216867,1328,1.0,0.8569277108433735,,,0.09789156626506024
789,0.95,0.09,test,0.9397590361445783,1328,0.9924698795180723,0.8870481927710844,1.0,1.0,0.08132530120481928
789,0.95,0.1,val,0.9284638554216867,1328,1.0,0.8569277108433735,,,0.09789156626506024
789,0.95,0.1,test,0.9390060240963856,1328,0.9924698795180723,0.8855421686746988,1.0,1.0,0.08283132530120482
999,0.9,0.0,val,0.927710843373494,1328,0.9909638554216867,0.8644578313253012,-0.6666666666666667,0.6666666666666667,0.0677710843373494
999,0.9,0.0,test,0.9299698795180723,1328,0.9864457831325302,0.8734939759036144,-0.33333333333333337,0.33333333333333337,0.07981927710843373
999,0.9,0.01,val,0.9231927710843373,1328,0.9909638554216867,0.8554216867469879,-0.6666666666666667,0.6666666666666667,0.08283132530120482
999,0.9,0.01,test,0.927710843373494,1328,0.9864457831325302,0.8689759036144579,-0.33333333333333337,0.33333333333333337,0.09036144578313253
999,0.9,0.02,val,0.9201807228915663,1328,0.9909638554216867,0.8493975903614458,-0.6666666666666667,0.6666666666666667,0.08885542168674698
999,0.9,0.02,test,0.9254518072289157,1328,0.9864457831325302,0.8644578313253012,-0.33333333333333337,0.33333333333333337,0.09939759036144578
999,0.9,0.03,val,0.9171686746987953,1328,0.9909638554216867,0.8433734939759037,-0.6666666666666667,0.6666666666666667,0.0963855421686747
999,0.9,0.03,test,0.9254518072289157,1328,0.9864457831325302,0.8644578313253012,-0.33333333333333337,0.33333333333333337,0.10240963855421686
999,0.9,0.04,val,0.9141566265060241,1328,0.9909638554216867,0.8373493975903614,-0.6666666666666667,0.6666666666666667,0.10391566265060241
999,0.9,0.04,test,0.9231927710843374,1328,0.9864457831325302,0.8599397590361446,-0.33333333333333337,0.33333333333333337,0.10843373493975904
999,0.9,0.05,val,0.9126506024096386,1328,0.9909638554216867,0.8343373493975904,-0.6666666666666667,0.6666666666666667,0.11144578313253012
999,0.9,0.05,test,0.9224397590361446,1328,0.9864457831325302,0.858433734939759,-0.33333333333333337,0.33333333333333337,0.11295180722891567
999,0.9,0.06,val,0.9126506024096386,1328,0.9909638554216867,0.8343373493975904,-0.6666666666666667,0.6666666666666667,0.11295180722891567
999,0.9,0.06,test,0.9224397590361446,1328,0.9864457831325302,0.858433734939759,-0.33333333333333337,0.33333333333333337,0.1144578313253012
999,0.9,0.07,val,0.9118975903614458,1328,0.9909638554216867,0.8328313253012049,-0.6666666666666667,0.6666666666666667,0.11897590361445783
999,0.9,0.07,test,0.9216867469879518,1328,0.9864457831325302,0.8569277108433735,-0.33333333333333337,0.33333333333333337,0.11596385542168675
999,0.9,0.08,val,0.911144578313253,1328,0.9909638554216867,0.8313253012048193,-0.6666666666666667,0.6666666666666667,0.12198795180722892
999,0.9,0.08,test,0.9216867469879518,1328,0.9864457831325302,0.8569277108433735,-0.33333333333333337,0.33333333333333337,0.11596385542168675
999,0.9,0.09,val,0.9103915662650602,1328,0.9909638554216867,0.8298192771084337,-0.6666666666666667,0.6666666666666667,0.12349397590361445
999,0.9,0.09,test,0.920933734939759,1328,0.9864457831325302,0.8554216867469879,-0.33333333333333337,0.33333333333333337,0.11897590361445783
999,0.9,0.1,val,0.9088855421686747,1328,0.9909638554216867,0.8268072289156626,-0.6666666666666667,0.6666666666666667,0.12650602409638553
999,0.9,0.1,test,0.9194277108433735,1328,0.9864457831325302,0.8524096385542169,-0.33333333333333337,0.33333333333333337,0.12198795180722892
