artifact_schema_version,inference_scope,p_value_method,seed,frac,metric,delta,ci_lo,ci_hi,p_two_sided
2,approximate_reconstruction_sensitivity_only,paired_bootstrap_tail_mass_add_one,42,0.01,acc_amb,0.08584337349397586,0.05801472875637126,0.11463046757164397,0.00019998000199980003
2,approximate_reconstruction_sensitivity_only,paired_bootstrap_tail_mass_add_one,42,0.01,acc_dis,0.10240963855421692,0.07621951219512202,0.129221958658082,0.00019998000199980003
2,approximate_reconstruction_sensitivity_only,paired_bootstrap_tail_mass_add_one,42,0.01,far,-0.0993975903614458,-0.12737991432134918,-0.07208588957055215,0.00019998000199980003
2,approximate_reconstruction_sensitivity_only,paired_bootstrap_tail_mass_add_one,42,0.05,acc_amb,0.004518072289156683,-0.008915304606240682,0.017460490746516885,0.5869413058694131
2,approximate_reconstruction_sensitivity_only,paired_bootstrap_tail_mass_add_one,42,0.05,acc_dis,0.04969879518072284,0.03221077841353101,0.06845238095238093,0.00019998000199980003
2,approximate_reconstruction_sensitivity_only,paired_bootstrap_tail_mass_add_one,42,0.05,far,-0.052710843373493965,-0.0719779120621387,-0.034920634920634935,0.00019998000199980003
2,approximate_reconstruction_sensitivity_only,paired_bootstrap_tail_mass_add_one,42,0.1,acc_amb,0.004518072289156683,-0.006230529595015577,0.016155742376000506,0.5155484451554845
2,approximate_reconstruction_sensitivity_only,paired_bootstrap_tail_mass_add_one,42,0.1,acc_dis,0.0406626506024097,0.02442748091603053,0.057637543566577604,0.00019998000199980003
2,approximate_reconstruction_sensitivity_only,paired_bootstrap_tail_mass_add_one,42,0.1,far,-0.037650602409638564,-0.05523405066313972,-0.02074074074074074,0.00019998000199980003
2,approximate_reconstruction_sensitivity_only,paired_bootstrap_tail_mass_add_one,123,0.01,acc_amb,0.0737951807228916,0.04962376872413589,0.09883720930232553,0.00019998000199980003
2,approximate_reconstruction_sensitivity_only,paired_bootstrap_tail_mass_add_one,123,0.01,acc_dis,0.10692771084337349,0.07936507936507942,0.13535083998553668,0.00019998000199980003
2,approximate_reconstruction_sensitivity_only,paired_bootstrap_tail_mass_add_one,123,0.01,far,-0.10692771084337349,-0.13694326144667598,-0.07819548872180451,0.00019998000199980003
2,approximate_reconstruction_sensitivity_only,paired_bootstrap_tail_mass_add_one,123,0.05,acc_amb,0.009036144578313254,-0.002976301362571951,0.0213089802130898,0.1655834416558344
2,approximate_reconstruction_sensitivity_only,paired_bootstrap_tail_mass_add_one,123,0.05,acc_dis,0.04367469879518071,0.02706456456456451,0.06160475427422967,0.00019998000199980003
2,approximate_reconstruction_sensitivity_only,paired_bootstrap_tail_mass_add_one,123,0.05,far,-0.040662650602409645,-0.06000073206442168,-0.0228310502283105,0.00019998000199980003
2,approximate_reconstruction_sensitivity_only,paired_bootstrap_tail_mass_add_one,123,0.1,acc_amb,-0.004518072289156683,-0.01179941002949858,0.0015220700152206446,0.23677632236776322
2,approximate_reconstruction_sensitivity_only,paired_bootstrap_tail_mass_add_one,123,0.1,acc_dis,0.02409638554216864,0.013333333333333308,0.03647416413373861,0.00019998000199980003
2,approximate_reconstruction_sensitivity_only,paired_bootstrap_tail_mass_add_one,123,0.1,far,-0.025602409638554216,-0.03834355828220859,-0.014376767287282871,0.00019998000199980003
2,approximate_reconstruction_sensitivity_only,paired_bootstrap_tail_mass_add_one,456,0.01,acc_amb,0.05873493975903621,0.037257824143070106,0.08100147275405012,0.00019998000199980003
2,approximate_reconstruction_sensitivity_only,paired_bootstrap_tail_mass_add_one,456,0.01,acc_dis,0.21536144578313254,0.18298455833862154,0.24926696904149176,0.00019998000199980003
2,approximate_reconstruction_sensitivity_only,paired_bootstrap_tail_mass_add_one,456,0.01,far,-0.21686746987951808,-0.25147951007326,-0.18290854572713644,0.00019998000199980003
2,approximate_reconstruction_sensitivity_only,paired_bootstrap_tail_mass_add_one,456,0.05,acc_amb,0.025602409638554202,0.012157593480035611,0.04012950480274326,0.00039996000399960006
2,approximate_reconstruction_sensitivity_only,paired_bootstrap_tail_mass_add_one,456,0.05,acc_dis,0.027108433734939763,0.014903129657227954,0.04069833210565091,0.00019998000199980003
2,approximate_reconstruction_sensitivity_only,paired_bootstrap_tail_mass_add_one,456,0.05,far,-0.03162650602409639,-0.04606292068665649,-0.018461538461538474,0.00019998000199980003
2,approximate_reconstruction_sensitivity_only,paired_bootstrap_tail_mass_add_one,456,0.1,acc_amb,-0.004518072289156572,-0.01365705614567525,0.004437869822485174,0.38916108389161086
2,approximate_reconstruction_sensitivity_only,paired_bootstrap_tail_mass_add_one,456,0.1,acc_dis,0.02259036144578319,0.011940298507462699,0.03468229888665113,0.00019998000199980003
2,approximate_reconstruction_sensitivity_only,paired_bootstrap_tail_mass_add_one,456,0.1,far,-0.022590361445783136,-0.035451599741050756,-0.01104014145983374,0.00019998000199980003
2,approximate_reconstruction_sensitivity_only,paired_bootstrap_tail_mass_add_one,789,0.01,acc_amb,0.0918674698795181,0.065475946925415,0.11908481140547816,0.00019998000199980003
2,approximate_reconstruction_sensitivity_only,paired_bootstrap_tail_mass_add_one,789,0.01,acc_dis,0.13855421686746983,0.10987261146496818,0.16792796551892936,0.00019998000199980003
2,approximate_reconstruction_sensitivity_only,paired_bootstrap_tail_mass_add_one,789,0.01,far,-0.14006024096385541,-0.17062403383144686,-0.10990468430571738,0.00019998000199980003
2,approximate_reconstruction_sensitivity_only,paired_bootstrap_tail_mass_add_one,789,0.05,acc_amb,0.03313253012048201,0.016392832747853147,0.050898203592814384,0.00039996000399960006
2,approximate_reconstruction_sensitivity_only,paired_bootstrap_tail_mass_add_one,789,0.05,acc_dis,0.034638554216867457,0.015336836122098019,0.05413533834586459,0.00039996000399960006
2,approximate_reconstruction_sensitivity_only,paired_bootstrap_tail_mass_add_one,789,0.05,far,-0.03463855421686747,-0.0549777117384844,-0.014704804209073677,0.0005999400059994001
2,approximate_reconstruction_sensitivity_only,paired_bootstrap_tail_mass_add_one,789,0.1,acc_amb,0.009036144578313254,-0.0015337423312883347,0.020261000020319248,0.13038696130386962
2,approximate_reconstruction_sensitivity_only,paired_bootstrap_tail_mass_add_one,789,0.1,acc_dis,0.02259036144578319,0.010129880043164364,0.036418816388467334,0.0007999200079992001
2,approximate_reconstruction_sensitivity_only,paired_bootstrap_tail_mass_add_one,789,0.1,far,-0.019578313253012042,-0.03476890072236527,-0.005722256284488047,0.0093990600939906
2,approximate_reconstruction_sensitivity_only,paired_bootstrap_tail_mass_add_one,999,0.01,acc_amb,0.04367469879518071,0.02391551940818603,0.06456456456456461,0.00019998000199980003
2,approximate_reconstruction_sensitivity_only,paired_bootstrap_tail_mass_add_one,999,0.01,acc_dis,0.15662650602409633,0.12719234864618198,0.18656716417910446,0.00019998000199980003
2,approximate_reconstruction_sensitivity_only,paired_bootstrap_tail_mass_add_one,999,0.01,far,-0.1506024096385542,-0.1816933418693982,-0.11890164625086076,0.00019998000199980003
2,approximate_reconstruction_sensitivity_only,paired_bootstrap_tail_mass_add_one,999,0.05,acc_amb,0.010542168674698815,0.0014858841010401136,0.020895522388059695,0.037196280371962806
2,approximate_reconstruction_sensitivity_only,paired_bootstrap_tail_mass_add_one,999,0.05,acc_dis,0.03915662650602403,0.023088023088023046,0.05625115740740741,0.00019998000199980003
2,approximate_reconstruction_sensitivity_only,paired_bootstrap_tail_mass_add_one,999,0.05,far,-0.037650602409638564,-0.05513016845329248,-0.020319303338171252,0.00019998000199980003
2,approximate_reconstruction_sensitivity_only,paired_bootstrap_tail_mass_add_one,999,0.1,acc_amb,0.009036144578313254,0.0,0.01928783382789323,0.0715928407159284
2,approximate_reconstruction_sensitivity_only,paired_bootstrap_tail_mass_add_one,999,0.1,acc_dis,0.031626506024096446,0.018376722817764146,0.04599406528189909,0.00019998000199980003
2,approximate_reconstruction_sensitivity_only,paired_bootstrap_tail_mass_add_one,999,0.1,far,-0.028614457831325296,-0.04427576758713227,-0.013782542113323124,0.00019998000199980003
